Country_Code,Country,Year,Production,Land,Labor,N,P,K,Pesticides,fert,lnprod,lnland,lnlabor,lnN,lnP,lnK,lnpest,lnfert
2,Armenia,1992,931,1170000,617909,15000,5000,5000,8,25000,7,14,13,10,9,9,2,10
2,Armenia,2002,908,1391000,449209,15700,8,0,89,15708,7,14,13,10,2,,4,10
2,Armenia,2003,995,1444000,437764,10450,9,5,98,10464,7,14,13,9,2,2,5,9
2,Armenia,2004,1123,1505000,430899,13187,1209,5,205,14401,7,14,13,9,7,2,5,10
2,Armenia,2005,1252,1605000,422473,10251,33,41,221,10325,7,14,13,9,3,4,5,9
2,Armenia,2006,1273,1756400,413885,57900,0,1,228,57901,7,14,13,11,,-1,5,11
2,Armenia,2007,1407,1751900,408177,26808,0,12,242,26820,7,14,13,10,,2,5,10
2,Armenia,2008,1436,1748800,405044,24331,23,36,218,24390,7,14,13,10,3,4,5,10
2,Armenia,2009,1425,1746300,403224,39542,0,5,198,39547,7,14,13,11,-1,2,5,11
2,Armenia,2010,1254,1735000,409569,29587,34,4,279,29626,7,14,13,10,4,1,6,10
2,Armenia,2011,1389,1698100,425997,35947,416,4,317,36366,7,14,13,10,6,1,6,11
2,Armenia,2012,1503,1683000,416198,57447,66,514,354,58027,7,14,13,11,4,6,6,11
2,Armenia,2013,1584,2051000,413652,58594,559,39,392,59193,7,15,13,11,6,4,6,11
2,Armenia,2014,1680,2049400,387333,48636,2777,1700,430,53113,7,15,13,11,8,7,6,11
2,Armenia,2015,1782,2045700,385450,63282,1676,82,468,65040,7,15,13,11,7,4,6,11
2,Armenia,2016,1650,2045500,362616,146292,324,915,505,147531,7,15,13,12,6,7,6,12
2,Armenia,2017,1588,2043800,336263,90106,23,210,543,90339,7,15,13,11,3,5,6,11
2,Armenia,2018,1434,2044500,327215,90106,23,210,581,90339,7,15,13,11,3,5,6,11
3,Azerbaijan,1992,2392,4446200,1300198,50000,20000,5000,149,75000,8,15,14,11,10,9,5,11
3,Azerbaijan,1993,1993,4456600,1309228,34000,15000,5000,149,54000,8,15,14,10,10,9,5,11
3,Azerbaijan,1997,1857,4588700,1327631,20000,2700,1000,149,23700,8,15,14,10,8,7,5,10
3,Azerbaijan,2002,2942,4744900,1332730,15751,1565,1854,149,19170,8,15,14,10,7,8,5,10
3,Azerbaijan,2003,3086,4754600,1362474,12586,265,1199,149,14050,8,15,14,9,6,7,5,10
3,Azerbaijan,2004,3145,4754900,1404131,19645,353,2044,149,22042,8,15,14,10,6,8,5,10
3,Azerbaijan,2005,3486,4758600,1441965,17575,3214,3837,149,24626,8,15,14,10,8,8,5,10
3,Azerbaijan,2006,3521,4756000,1494663,20356,2100,2105,149,24561,8,15,14,10,8,8,5,10
3,Azerbaijan,2007,3613,4756500,1493182,16783,1322,1617,149,19722,8,15,14,10,7,7,5,10
3,Azerbaijan,2008,3776,4756700,1579525,29670,6030,3248,263,38948,8,15,14,10,9,8,6,11
3,Azerbaijan,2009,3989,4757300,1562275,19277,2670,3186,316,25133,8,15,14,10,8,8,6,10
3,Azerbaijan,2010,3863,4766800,1603238,12812,2132,3812,334,18756,8,15,14,9,8,8,6,10
3,Azerbaijan,2011,4091,4768700,1622870,22512,3115,3742,462,29369,8,15,14,10,8,8,6,10
3,Azerbaijan,2012,4312,4768300,1646276,27541,6061,2582,516,36184,8,15,14,10,9,8,6,10
3,Azerbaijan,2013,4456,4769800,1652474,25390,10017,3027,490,38434,8,15,14,10,9,8,6,11
3,Azerbaijan,2014,4261,4769700,1669259,37957,17505,5708,532,61170,8,15,14,11,10,9,6,11
3,Azerbaijan,2015,4554,4769800,1680253,89732,4533,4492,530,98757,8,15,14,11,8,8,6,12
3,Azerbaijan,2016,4697,4773000,1711886,86584,501,1300,543,88385,8,15,14,11,6,7,6,11
3,Azerbaijan,2017,4927,4777500,1736778,71689,1329,3795,543,76813,9,15,14,11,7,8,6,11
3,Azerbaijan,2018,5242,4779500,1757286,118934,3,8363,543,127300,9,15,14,12,1,9,6,12
5,Bangladesh,1990,9813,10386000,,609163,236304,88155,1266,933622,9,16,,13,12,11,7,14
5,Bangladesh,1991,9986,10320000,24164569,705600,216600,82200,1287,1004400,9,16,17,13,12,11,7,14
5,Bangladesh,1992,10100,9549000,24676024,713300,212018,73444,1453,998762,9,16,17,13,12,11,7,14
5,Bangladesh,1993,10053,9446000,25134392,733562,149721,62300,1487,945583,9,16,17,14,12,11,7,14
5,Bangladesh,1994,9768,9358000,25537637,803540,153420,92407,1595,1049367,9,16,17,14,12,11,7,14
5,Bangladesh,1995,10085,9374000,25855344,943000,158000,94000,1702,1195000,9,16,17,14,12,11,7,14
5,Bangladesh,1996,10663,9327000,26032344,996070,117455,117000,1919,1230525,9,16,17,14,12,12,8,14
5,Bangladesh,1997,10876,9365000,26885092,876600,116800,115800,2035,1109200,9,16,17,14,12,12,8,14
5,Bangladesh,1998,11198,9434000,27707811,882500,161400,126600,2068,1170500,9,16,17,14,12,12,8,14
5,Bangladesh,1999,12615,9486000,28430990,1014700,207400,143600,2532,1365700,9,16,17,14,12,12,8,14
5,Bangladesh,2000,13370,9400000,29131146,995852,250346,74000,3170,1320198,10,16,17,14,12,11,8,14
5,Bangladesh,2001,13148,9403000,28669756,1054245,248991,146387,3335,1449623,9,16,17,14,12,12,8,14
5,Bangladesh,2002,13469,9353000,28040287,1079064,321758,156017,4206,1556839,10,16,17,14,13,12,8,14
5,Bangladesh,2003,13802,9328000,27352413,951340,200266,167070,5463,1318676,10,16,17,14,12,12,9,14
5,Bangladesh,2004,13574,9323000,26619698,954039,272838,162900,6996,1389777,10,16,17,14,13,12,9,14
5,Bangladesh,2005,15467,9311000,25679777,993327,326713,244350,8091,1564390,10,16,17,14,13,12,9,14
5,Bangladesh,2006,15808,9280000,24750383,1098892,298610,124836,9413,1522338,10,16,17,14,13,12,9,14
5,Bangladesh,2007,16690,9266000,25092142,1048507,256050,136800,10915,1441357,10,16,17,14,12,12,9,14
5,Bangladesh,2008,17835,9253000,25327647,1287000,109700,164400,12403,1561100,10,16,17,14,12,12,9,14
5,Bangladesh,2009,17728,9246000,25386244,1156139,170219,145939,13756,1472297,10,16,17,14,12,12,10,14
5,Bangladesh,2010,18928,9241000,26112200,1166810,296086,196306,13251,1659202,10,16,17,14,13,12,9,14
5,Bangladesh,2011,19818,9128000,26046599,1274820,399740,289200,14798,1963760,10,16,17,14,13,13,10,14
5,Bangladesh,2012,20060,9120000,25979204,1129780,500020,367800,13289,1997600,10,16,17,14,13,13,9,15
5,Bangladesh,2013,20644,9108000,25919096,1111740,500480,342600,15330,1954820,10,16,17,14,13,13,10,14
5,Bangladesh,2014,21539,9099000,26028314,1230260,564880,346200,15857,2141340,10,16,17,14,13,13,10,15
5,Bangladesh,2015,22257,9162240,26015665,1320940,606740,384000,13364,2311680,10,16,17,14,13,13,10,15
5,Bangladesh,2016,22155,9194210,25995473,1172300,638480,436200,14388,2246980,10,16,17,14,13,13,10,15
5,Bangladesh,2017,23937,9187330,26189982,1240440,642160,473400,15144,2356000,10,16,17,14,13,13,10,15
5,Bangladesh,2018,24178,9202300,25984302,1330580,710240,434400,15144,2475220,10,16,17,14,13,13,10,15
6,Bhutan,2002,309,535000,163256,783,177,123,2,1083,6,13,12,7,5,5,1,7
6,Bhutan,2003,312,537000,170574,787,183,128,5,1098,6,13,12,7,5,5,2,7
6,Bhutan,2004,346,584000,172977,818,212,139,7,1169,6,13,12,7,5,5,2,7
6,Bhutan,2005,417,593000,178629,887,221,154,2,1262,6,13,12,7,5,5,1,7
6,Bhutan,2006,447,577000,185415,768,252,133,6,1153,6,13,12,7,6,5,2,7
6,Bhutan,2007,436,563000,188546,800,254,174,7,1228,6,13,12,7,6,5,2,7
6,Bhutan,2008,363,521300,190847,774,240,152,6,1166,6,13,12,7,5,5,2,7
6,Bhutan,2009,367,520000,190065,1608,474,314,6,2396,6,13,12,7,6,6,2,8
6,Bhutan,2010,384,520000,185646,686,192,132,7,1010,6,13,12,7,5,5,2,7
6,Bhutan,2011,439,519600,186465,845,274,189,9,1308,6,13,12,7,6,5,2,7
6,Bhutan,2012,402,519600,179553,776,172,123,7,1071,6,13,12,7,5,5,2,7
6,Bhutan,2013,383,519600,177962,758,266,194,5,1218,6,13,12,7,6,5,2,7
6,Bhutan,2014,386,525600,178706,889,309,225,3,1423,6,13,12,7,6,5,1,7
6,Bhutan,2015,379,525600,197128,920,323,236,11,1479,6,13,12,7,6,5,2,7
6,Bhutan,2016,435,519000,198911,792,313,220,12,1325,6,13,12,7,6,5,2,7
6,Bhutan,2017,424,513000,201411,1274,1593,15,3,2881,6,13,12,7,7,3,1,8
6,Bhutan,2018,415,513000,203460,2819,350,213,4,3382,6,13,12,8,6,5,1,8
7,Brunei,1990,36,11000,,1400,1400,1400,2,4200,4,9,,7,7,7,1,8
7,Brunei,1991,39,11000,2204,1400,1500,1500,2,4400,4,9,8,7,7,7,1,8
7,Brunei,1992,47,11000,2140,1500,1500,1500,2,4500,4,9,8,7,7,7,1,8
7,Brunei,2002,114,11000,1706,19,11,642,2,672,5,9,7,3,2,6,1,7
7,Brunei,2003,113,11000,1653,78,55,71,2,204,5,9,7,4,4,4,1,5
7,Brunei,2004,111,11000,1603,101,99,103,2,303,5,9,7,5,5,5,1,6
7,Brunei,2005,88,11000,1553,299,138,180,2,617,4,9,7,6,5,5,1,6
7,Brunei,2006,122,10300,1480,82,50,0,10,132,5,9,7,4,4,,2,5
7,Brunei,2007,127,11400,1422,442,339,350,14,1131,5,9,7,6,6,6,3,7
7,Brunei,2008,131,11400,1368,126,93,119,6,338,5,9,7,5,5,5,2,6
7,Brunei,2009,133,13400,1299,172,119,121,28,412,5,10,7,5,5,5,3,6
7,Brunei,2010,139,13400,1239,604,552,571,38,1727,5,10,7,6,6,6,4,7
7,Brunei,2011,148,13400,1187,263,75,132,9,470,5,10,7,6,4,5,2,6
7,Brunei,2012,151,13400,1137,293,80,81,2,454,5,10,7,6,4,4,1,6
7,Brunei,2013,161,14400,1090,70,76,77,12,223,5,10,7,4,4,4,2,5
7,Brunei,2014,153,14400,1046,243,232,234,21,709,5,10,7,5,5,5,3,7
7,Brunei,2015,151,14400,1424,243,232,234,21,709,5,10,7,5,5,5,3,7
7,Brunei,2016,158,14400,1933,243,232,234,21,709,5,10,8,5,5,5,3,7
7,Brunei,2017,155,14400,2619,243,232,234,21,709,5,10,8,5,5,5,3,7
7,Brunei,2018,154,14400,2679,243,232,234,21,709,5,10,8,5,5,5,3,7
9,China,1990,477026,505694000,,19557800,5852800,1863100,765307,27273700,13,20,,17,16,14,14,17
9,China,1991,499032,511379000,392733090,19970500,7284300,2404300,765307,29659100,13,20,20,17,16,15,14,17
9,China,1992,523489,514314000,390903713,20329000,6921000,1952000,799174,29202000,13,20,20,17,16,14,14,17
9,China,1993,561063,518223000,381804605,18003300,5544700,1531300,844800,25079300,13,20,20,17,16,14,14,17
9,China,1994,586754,522833000,371971327,19160000,7329000,2353000,978551,28842000,13,20,20,17,16,15,14,17
9,China,1995,641265,522833000,361081692,23781500,8911700,2887000,1087044,35580200,13,20,20,17,16,15,14,17
9,China,1996,670235,522872000,354585299,25275000,8118000,2591000,1140812,35984000,13,20,20,17,16,15,14,17
9,China,1997,701015,522872250,353376246,22949700,9277000,3420000,1195466,35646700,13,20,20,17,16,15,14,17
9,China,1998,736843,522872500,354966493,22887000,9457000,3486000,1231699,35830000,14,20,20,17,16,15,14,17
9,China,1999,764239,522872750,359952737,24142000,8907000,3390000,1321620,36439000,14,20,20,17,16,15,14,17
9,China,2000,784375,522873000,363333447,22139168,8609700,3469000,1279533,34217868,14,20,20,17,16,15,14,17
9,China,2001,800166,523466844,363086878,22422712,8886577,4036354,1274820,35345644,14,20,20,17,16,15,14,17
9,China,2002,833344,524060689,364327672,25040933,10236165,4753208,1312285,40030308,14,20,20,17,16,15,14,18
9,China,2003,839471,524654533,359843378,25198325,9651720,4661755,1325226,39511800,14,20,20,17,16,15,14,17
9,China,2004,889002,525248378,346958923,26232233,10729982,5455830,1386028,42418044,14,20,20,17,16,16,14,18
9,China,2005,917995,525842222,333475371,26636828,11493873,7129176,1460000,45259876,14,20,20,17,16,16,14,18
9,China,2006,942762,526436067,319238756,27244474,11910882,6192375,1537000,45347732,14,20,20,17,16,16,14,18
9,China,2007,967901,527029911,307458305,27982007,10295625,8324983,1623000,46602616,14,20,20,17,16,16,14,18
9,China,2008,1025293,527623756,298678496,28390797,10727334,6044586,1672300,45162716,14,20,20,17,16,16,14,18
9,China,2009,1042467,528217600,287633180,28961333,12800676,4845743,1709000,46607752,14,20,19,17,16,15,14,18
9,China,2010,1067892,528098300,277990272,29531825,14259456,7293699,1758000,51084980,14,20,19,17,16,16,14,18
9,China,2011,1104203,528071600,264617567,30131120,13675669,8964250,1787002,52771040,14,20,19,17,16,16,14,18
9,China,2012,1143438,527991400,256400241,30632100,13808729,9217028,1806000,53657856,14,20,19,17,16,16,14,18
9,China,2013,1159861,527996400,240298831,30800704,13762193,8797104,1801862,53360000,14,20,19,17,16,16,14,18
9,China,2014,1174461,527890300,226218703,30981667,13340410,10887568,1807000,55209644,14,20,19,17,16,16,14,18
9,China,2015,1205124,527831700,219411916,30795477,12642324,11727989,1763000,55165788,14,20,19,17,16,16,14,18
9,China,2016,1206493,527753900,212899641,30387931,13811377,10745402,1763000,54944712,14,20,19,17,16,16,14,18
9,China,2017,1222771,527733000,207399416,29544991,9904021,10499964,1763000,49948976,14,20,19,17,16,16,14,18
9,China,2018,1229701,527733000,200658235,28141472,7747621,10681023,1763000,46570116,14,20,19,17,16,16,14,18
10,Cyprus,1990,692,160600,,12622,8337,1773,2185,22732,7,12,,9,9,7,8,10
10,Cyprus,1991,632,159200,43493,12272,8070,1802,1971,22144,6,12,11,9,9,7,8,10
10,Cyprus,1992,721,159600,42830,15999,9800,2560,1696,28359,7,12,11,10,9,8,7,10
10,Cyprus,1993,772,158700,42616,14512,9693,2008,2044,26213,7,12,11,10,9,8,8,10
10,Cyprus,1994,721,143400,40986,14404,9857,2053,2518,26314,7,12,11,10,9,8,8,10
10,Cyprus,1995,820,143100,40455,12948,10211,2416,2031,25575,7,12,11,9,9,8,8,10
10,Cyprus,1996,808,143200,36531,13765,9459,2225,2417,25449,7,12,11,10,9,8,8,10
10,Cyprus,1997,716,142200,32764,10760,7750,1829,2224,20339,7,12,10,9,9,8,8,10
10,Cyprus,1998,777,144200,28893,10824,7500,1970,1714,20294,7,12,10,9,9,8,7,10
10,Cyprus,1999,825,144200,25464,10884,7361,1938,1204,20183,7,12,10,9,9,8,7,10
10,Cyprus,2000,789,141500,22865,7828,4898,1689,694,14415,7,12,10,9,8,7,7,10
10,Cyprus,2001,812,140000,21618,7908,5156,1643,797,14707,7,12,10,9,9,7,7,10
10,Cyprus,2002,843,140000,24158,8629,5688,1648,975,15965,7,12,10,9,9,7,7,10
10,Cyprus,2003,822,154000,24590,9591,6551,1580,720,17722,7,12,10,9,9,7,7,10
10,Cyprus,2004,821,156000,24866,8209,5191,1449,650,14849,7,12,10,9,9,7,6,10
10,Cyprus,2005,762,167000,23248,7225,4903,1276,620,13404,7,12,10,9,8,7,6,10
10,Cyprus,2006,710,157000,21620,6638,4726,1174,812,12538,7,12,10,9,8,7,7,9
10,Cyprus,2007,707,147200,23037,6340,4517,1203,495,12060,7,12,10,9,8,7,6,9
10,Cyprus,2008,679,115600,22731,4785,2151,2294,447,9230,7,12,10,8,8,8,6,9
10,Cyprus,2009,657,127600,21227,7031,5142,3595,707,15768,6,12,10,9,9,8,7,10
10,Cyprus,2010,655,114500,20835,8437,5235,3077,620,16749,6,12,10,9,9,8,6,10
10,Cyprus,2011,691,116300,20657,7408,2765,2528,568,12701,7,12,10,9,8,8,6,9
10,Cyprus,2012,654,116900,15133,8791,4909,3162,727,16862,6,12,10,9,8,8,7,10
10,Cyprus,2013,618,109230,15513,6979,4455,3226,887,14660,6,12,10,9,8,8,7,10
10,Cyprus,2014,610,109380,22477,6242,3957,2486,1047,12685,6,12,10,9,8,8,7,9
10,Cyprus,2015,642,127180,20544,7940,4861,2743,999,15544,6,12,10,9,8,8,7,10
10,Cyprus,2016,634,109690,19127,7968,5380,3302,638,16650,6,12,10,9,9,8,6,10
10,Cyprus,2017,659,121765,13739,7972,4977,3421,1083,16370,6,12,10,9,9,8,7,10
10,Cyprus,2018,655,131347,12416,7773,5192,3437,1141,16403,6,12,9,9,9,8,7,10
11,Georgia,2002,1411,3004000,1022838,21400,2600,2400,3081,26400,7,15,14,10,8,8,8,10
11,Georgia,2003,1575,3006000,1081470,11124,400,0,3081,11524,7,15,14,9,6,,8,9
11,Georgia,2004,1413,2492000,1033997,14100,5,118,3081,14223,7,15,14,10,2,5,8,10
11,Georgia,2005,1565,2520000,1023743,24117,734,194,3081,25045,7,15,14,10,7,5,8,10
11,Georgia,2006,1026,2518000,1047866,21410,420,128,3081,21958,7,15,14,10,6,5,8,10
11,Georgia,2007,1134,2517000,1017350,18451,412,277,3081,19140,7,15,14,10,6,6,8,10
11,Georgia,2008,1005,2514000,927457,16881,263,83,3081,17227,7,15,14,10,6,4,8,10
11,Georgia,2009,930,2498000,859021,19122,216,123,3081,19461,7,15,14,10,5,5,8,10
11,Georgia,2010,916,2460000,855807,12913,977,76,3081,13966,7,15,14,9,7,4,8,10
11,Georgia,2011,988,2442400,879214,43300,1631,1128,3081,46059,7,15,14,11,7,7,8,11
11,Georgia,2012,929,2435000,858787,49500,3090,781,3081,53371,7,15,14,11,8,7,8,11
11,Georgia,2013,1118,2486100,852946,64600,6036,1884,3081,72520,7,15,14,11,9,8,8,11
11,Georgia,2014,1019,2460000,855128,50800,5540,1837,3081,58176,7,15,14,11,9,8,8,11
11,Georgia,2015,1029,2418100,830617,49900,4195,2148,1351,56243,7,15,14,11,8,8,7,11
11,Georgia,2016,997,2394000,810823,51000,5360,2406,1481,58766,7,15,14,11,9,8,7,11
11,Georgia,2017,911,2384800,818584,39700,4373,2537,1738,46610,7,15,14,11,8,8,7,11
11,Georgia,2018,1035,2371800,801859,41400,3643,2862,2237,47905,7,15,14,11,8,8,8,11
12,India,1990,173781,181413000,,7565500,3124500,1328000,75000,12018000,12,19,,16,15,14,11,16
12,India,1991,177281,181586000,191543978,8046272,3321213,1360600,72133,12728085,12,19,19,16,15,14,11,16
12,India,1992,182394,181305000,195436439,8426735,2843774,883900,70791,12154409,12,19,19,16,15,14,11,16
12,India,1993,189811,181382000,199473006,8778871,2669300,937100,66388,12385271,12,19,19,16,15,14,11,16
12,India,1994,196728,181291000,204107796,9507169,2931700,1124800,61357,13563669,12,19,19,16,15,14,11,16
12,India,1995,200648,180945000,207745639,9822852,2897533,1155850,61257,13876235,12,19,19,16,15,14,11,16
12,India,1996,208134,180589000,211590122,10315919,2978978,1043144,56114,14338041,12,19,19,16,15,14,11,16
12,India,1997,213638,180981000,213981118,10901899,3913600,1372487,52279,16187986,12,19,19,16,15,14,11,17
12,India,1998,216724,180874000,217411058,11353755,4112200,1331549,49157,16797504,12,19,19,16,15,14,11,17
12,India,1999,226816,181021000,220302011,11586250,4796250,1674230,46195,18056730,12,19,19,16,15,14,11,17
12,India,2000,224962,180975000,223289645,10920200,4214600,1567500,44958,16702300,12,19,19,16,15,14,11,17
12,India,2001,232406,180487000,227495265,11310175,4365119,1669017,43720,17344312,12,19,19,16,15,14,11,17
12,India,2002,213630,180560000,230800333,10469210,4029134,1597647,42483,16095991,12,19,19,16,15,14,11,17
12,India,2003,236823,180249000,234722682,11077861,4131912,1597439,41245,16807212,12,19,19,16,15,14,11,17
12,India,2004,235169,180375000,234503409,11712729,4633145,2060796,35113,18406670,12,19,19,16,15,15,10,17
12,India,2005,248027,180126000,237386152,12723910,5209967,2413504,35342,20347380,12,19,19,16,15,15,10,17
12,India,2006,261133,179906000,235515115,13760868,5550200,2331051,37423,21642120,12,19,19,16,16,15,11,17
12,India,2007,282124,179620000,231842887,14417665,5518072,2635371,27423,22571108,13,19,19,16,16,15,10,17
12,India,2008,287417,179757000,227341008,14863815,6051820,3312802,14485,24228436,13,19,19,17,16,15,10,17
12,India,2009,282994,180068000,227311166,15558372,7249010,3638144,28707,26445526,13,19,19,17,16,15,10,17
12,India,2010,306522,179573000,224297213,16450653,8195773,3463818,40094,28110244,13,19,19,17,16,15,11,17
12,India,2011,325041,179670000,213567336,17367540,8409634,2596512,55540,28373686,13,19,19,17,16,15,11,17
12,India,2012,332120,179642000,205303589,16820900,6653400,2061800,52980,25536100,13,19,19,17,16,15,11,17
12,India,2013,346706,179698000,204459109,16750100,5633500,2098900,45620,24482500,13,19,19,17,16,15,11,17
12,India,2014,355914,179721000,204267604,16949600,6098900,2532900,60280,25581400,13,19,19,17,16,15,11,17
12,India,2015,349774,179674000,205458439,17372300,6978800,2401500,56120,26752600,13,19,19,17,16,15,11,17
12,India,2016,364818,179674000,204969723,16735400,6705400,2508300,50410,25949100,13,19,19,17,16,15,11,17
12,India,2017,384469,179674000,201764715,16958000,6854100,2778800,52750,26590900,13,19,19,17,16,15,11,17
12,India,2018,395969,179674000,200025467,17628200,6967900,2779100,58160,27375200,13,19,19,17,16,15,11,17
13,Indonesia,1990,61411,45083000,40559333,1609900,580900,310000,2432,2500800,11,18,18,14,13,13,8,15
13,Indonesia,1991,62085,41524000,40010662,1551700,577700,270700,3259,2400100,11,18,18,14,13,13,8,15
13,Indonesia,1992,66843,41351000,42277420,1697000,593000,293000,825,2583000,11,18,18,14,13,13,7,15
13,Indonesia,1993,67799,42016000,39912326,1557900,539700,219400,1597,2317000,11,18,18,14,13,12,7,15
13,Indonesia,1994,68296,41971000,37254099,1649000,518000,300000,1597,2467000,11,18,17,14,13,13,7,15
13,Indonesia,1995,74367,42978000,36279517,1844000,385200,300000,1597,2529200,11,18,17,14,13,13,7,15
13,Indonesia,1996,77319,42968000,37099809,2084000,331900,300000,1597,2715900,11,18,17,15,13,13,7,15
13,Indonesia,1997,73627,43527000,35531979,1706600,280000,241000,1597,2227600,11,18,17,14,13,12,7,15
13,Indonesia,1998,73242,43877000,39915384,2120900,361800,245000,1597,2727700,11,18,18,15,13,12,7,15
13,Indonesia,1999,74940,45877000,39365825,1925500,324000,275000,1597,2524500,11,18,17,14,13,13,7,15
13,Indonesia,2000,76977,47177000,41920481,1964400,263100,266000,1597,2493500,11,18,18,14,12,12,7,15
13,Indonesia,2001,77815,47700000,40685927,1953480,284828,400000,1597,2638308,11,18,18,14,13,13,7,15
13,Indonesia,2002,81982,48181000,40910842,1974661,254669,259892,1597,2489222,11,18,18,14,12,12,7,15
13,Indonesia,2003,87279,51006000,43159678,2119780,526620,291747,1597,2938147,11,18,18,15,13,13,7,15
13,Indonesia,2004,91310,53366000,40832212,2309142,318134,609135,1597,3236411,11,18,18,15,13,13,7,15
13,Indonesia,2005,92777,51846000,41067670,2411944,327794,564174,1597,3303912,11,18,18,15,13,13,7,15
13,Indonesia,2006,96418,51500000,40252806,2435520,354076,607750,1597,3397346,11,18,18,15,13,13,7,15
13,Indonesia,2007,98704,53000000,41339785,2503269,358040,1130750,1597,3992059,11,18,18,15,13,14,7,15
13,Indonesia,2008,103736,54000000,42460356,2700006,358040,1130750,1597,4188796,12,18,18,15,13,14,7,15
13,Indonesia,2009,109274,55600000,42948003,2935774,507286,843636,1597,4286696,12,18,18,15,13,14,7,15
13,Indonesia,2010,111582,55600000,42708680,2784573,499220,1000000,1597,4283793,12,18,18,15,13,14,7,15
13,Indonesia,2011,113140,56500000,41576649,2933822,579015,1150000,1597,4662837,12,18,18,15,13,14,7,15
13,Indonesia,2012,120102,56500000,41431400,2947040,766771,1490000,1597,5203810,12,18,18,15,14,14,7,15
13,Indonesia,2013,122016,57000000,40652520,2791106,748612,1620000,1597,5159719,12,18,18,15,14,14,7,15
13,Indonesia,2014,124657,57000000,40501400,2909406,768005,1783265,1597,5460675,12,18,18,15,14,14,7,16
13,Indonesia,2015,130347,57300000,39329660,2818598,787273,1837166,1597,5443037,12,18,17,15,14,14,7,16
13,Indonesia,2016,131711,60200000,38356922,2964028,838157,1642054,1597,5444239,12,18,17,15,14,14,7,16
13,Indonesia,2017,135639,62300000,38241088,2951991,785222,2087755,1597,5824968,12,18,17,15,14,15,7,16
13,Indonesia,2018,138649,62300000,37562573,3237087,816679,2164666,1597,6218433,12,18,17,15,14,15,7,16
14,Iran,1990,27008,61500000,,558100,587000,15900,10644,1161000,10,18,,13,13,10,9,14
14,Iran,1991,27175,62997000,3169848,658000,490000,1000,16349,1149000,10,18,15,13,13,7,10,14
14,Iran,1992,30674,63787000,3220706,834360,487600,28000,11683,1349960,10,18,15,14,13,10,9,14
14,Iran,1993,31834,64152000,3286394,555000,321100,25000,9572,901100,10,18,15,13,13,10,9,14
14,Iran,1994,32263,64157000,3353158,609000,368000,27000,10324,1004000,10,18,15,13,13,10,9,14
14,Iran,1995,33235,64208000,3401687,633000,379000,5200,8746,1017200,10,18,15,13,13,9,9,14
14,Iran,1996,34713,64427000,3437034,685225,374100,20000,5332,1079325,10,18,15,13,13,10,9,14
14,Iran,1997,34142,63832000,3618556,830025,340028,37149,6348,1207202,10,18,15,14,13,11,9,14
14,Iran,1998,39154,64787000,3787413,878000,330000,60000,7364,1268000,11,18,15,14,13,11,9,14
14,Iran,1999,34971,63687000,3989316,847800,361200,121400,8380,1330400,10,18,15,14,13,12,9,14
14,Iran,2000,36126,62884000,4161308,862572,412733,118258,9395,1393563,10,18,15,14,13,12,9,14
14,Iran,2001,36402,63823000,4369898,864108,313648,147863,9008,1325619,11,18,15,14,13,12,9,14
14,Iran,2002,42721,64044000,4541657,947120,342416,119351,9592,1408887,11,18,15,14,13,12,9,14
14,Iran,2003,43819,64265000,4798433,998279,382961,132114,10129,1513354,11,18,15,14,13,12,9,14
14,Iran,2004,43217,64486000,5116902,1043417,423506,144877,10015,1611801,11,18,15,14,13,12,9,14
14,Iran,2005,47293,47631000,5266401,1089424,464051,157640,7808,1711115,11,18,15,14,13,12,9,14
14,Iran,2006,49449,47852000,4981016,1355646,572636,189081,8253,2117363,11,18,15,14,13,12,9,15
14,Iran,2007,53012,48073000,4927828,1116791,392759,138964,5923,1648514,11,18,15,14,13,12,9,14
14,Iran,2008,40550,46685000,4444812,1193567,384669,102167,3017,1680403,11,18,15,14,13,12,8,14
14,Iran,2009,44577,46686200,4419404,1033932,339435,33691,4050,1407058,11,18,15,14,13,10,8,14
14,Iran,2010,47243,46539400,3995331,943707,404094,41129,4382,1388930,11,18,15,14,13,11,8,14
14,Iran,2011,46181,46392600,3952478,559006,144967,30950,4714,734923,11,18,15,13,12,10,8,14
14,Iran,2012,48090,46245800,3943528,670332,89330,26974,7052,786636,11,18,15,13,11,10,9,14
14,Iran,2013,49697,45954000,3990240,626029,204037,4287,6494,834353,11,18,15,13,12,8,9,14
14,Iran,2014,53514,45954000,3907370,701510,248441,125329,6610,1075280,11,18,15,13,12,12,9,14
14,Iran,2015,52204,45954000,4067462,564053,97966,35277,6726,697296,11,18,15,13,11,10,9,13
14,Iran,2016,55097,45954000,4182690,564912,97966,35277,6841,698154,11,18,15,13,11,10,9,13
14,Iran,2017,56294,45954000,4237878,564912,97966,35277,6841,698154,11,18,15,13,11,10,9,13
14,Iran,2018,56880,45954000,4310907,564912,97966,35277,6841,698154,11,18,15,13,11,10,9,13
15,Iraq,1990,4849,9230000,,130000,75000,2000,692,207000,8,16,,12,11,8,7,12
15,Iraq,1993,4477,9870000,1199721,226000,111000,11000,692,348000,8,16,14,12,12,9,7,13
15,Iraq,1994,4340,9350000,1239097,238000,141000,5000,692,384000,8,16,14,12,12,9,7,13
15,Iraq,1995,4320,9100000,1279937,225000,108400,500,816,333900,8,16,14,12,12,6,7,13
15,Iraq,1996,4628,9100000,1308850,240500,103900,10000,616,354400,8,16,14,12,12,9,6,13
15,Iraq,1997,4390,8660000,1323832,242700,111600,2500,848,356800,8,16,14,12,12,8,7,13
15,Iraq,1999,4341,8750000,1321268,254700,132700,700,508,388100,8,16,14,12,12,7,6,13
15,Iraq,2000,3916,8300000,1356717,250500,117200,3500,548,371200,8,16,14,12,12,8,6,13
15,Iraq,2001,4779,8490000,1381301,502000,135800,1400,837,639200,8,16,14,13,12,7,7,13
15,Iraq,2002,5968,8840000,1440487,507200,126700,700,879,634600,9,16,14,13,12,7,7,13
15,Iraq,2003,4743,8690000,1550091,45200,68800,700,854,114700,8,16,14,11,11,7,7,12
15,Iraq,2004,4792,8690000,1488932,102714,6918,1500,829,111132,8,16,14,12,9,7,7,12
15,Iraq,2005,5209,9390000,1497381,153880,62507,2400,873,218787,9,16,14,12,11,8,7,12
15,Iraq,2006,5245,8990000,1476035,167020,55000,1400,824,223420,9,16,14,12,11,7,7,12
15,Iraq,2007,4972,9140000,1478431,126420,59540,1400,1063,187360,9,16,14,12,11,7,7,12
15,Iraq,2008,4117,8190000,1463360,164120,63640,1000,957,228760,8,16,14,12,11,7,7,12
15,Iraq,2009,4245,7850000,1458267,171846,46371,1500,850,219717,8,16,14,12,11,7,7,12
15,Iraq,2010,5069,8220000,1460629,107980,24380,4800,744,137160,9,16,14,12,10,8,7,12
15,Iraq,2011,5504,8550000,1495090,138340,24380,5400,638,168120,9,16,14,12,10,9,6,12
15,Iraq,2012,5621,8568500,1502397,158685,51909,2809,532,213403,9,16,14,12,11,8,6,12
15,Iraq,2013,6678,8863750,1539337,159833,67168,4038,426,231039,9,16,14,12,11,8,6,12
15,Iraq,2014,6223,9269000,1608025,80172,13436,4302,396,97910,9,16,14,11,10,8,6,11
15,Iraq,2015,3121,9250000,1641108,63237,11611,2499,197,77346,8,16,14,11,9,8,5,11
15,Iraq,2016,3321,9250000,1621388,104472,37671,1763,151,143906,8,16,14,12,11,7,5,12
15,Iraq,2017,3233,9250000,1584387,180938,65444,5231,215,251614,8,16,14,12,11,9,5,12
15,Iraq,2018,3682,9250000,1625367,180938,65444,5231,215,251614,8,16,14,12,11,9,5,12
16,Israel,1990,5438,579000,61700,49600,21000,32000,2491,102600,9,13,11,11,10,10,8,12
16,Israel,1991,4801,578000,56958,41300,20000,32300,2491,93600,8,13,11,11,10,10,8,11
16,Israel,1992,5025,577000,59408,43400,21500,32900,2491,97800,9,13,11,11,10,10,8,11
16,Israel,1993,5069,577000,76317,44000,22000,32000,2491,98000,9,13,11,11,10,10,8,11
16,Israel,1994,5003,579000,65928,50000,22000,32000,2491,104000,9,13,11,11,10,10,8,12
16,Israel,1995,5579,573000,62153,50000,22000,32000,2491,104000,9,13,11,11,10,10,8,12
16,Israel,1996,5604,564000,55349,65000,19000,35000,2491,119000,9,13,11,11,10,10,8,12
16,Israel,1997,5519,563000,52592,61000,23000,36000,2491,120000,9,13,11,11,10,10,8,12
16,Israel,1998,5588,562000,50878,61000,23000,37000,2491,121000,9,13,11,11,10,11,8,12
16,Israel,1999,5536,559000,52983,44000,15000,30000,2975,89000,9,13,11,11,10,10,8,11
16,Israel,2000,5882,566000,50637,49000,15000,30000,3459,94000,9,13,11,11,10,10,8,11
16,Israel,2001,5855,561000,47265,45300,10700,33400,3943,89400,9,13,11,11,9,10,8,11
16,Israel,2002,6343,563000,46726,44700,11600,31600,4427,87900,9,13,11,11,9,10,8,11
16,Israel,2003,6266,551000,44578,50200,11900,32400,4911,94500,9,13,11,11,9,10,8,11
16,Israel,2004,6773,513500,50543,52400,12700,34700,5395,99800,9,13,11,11,9,10,9,12
16,Israel,2005,6761,514500,52095,48800,11800,30400,5879,91000,9,13,11,11,9,10,9,11
16,Israel,2006,6646,508800,47832,47500,12200,32700,6363,92400,9,13,11,11,9,10,9,11
16,Israel,2007,6928,518100,45986,59400,11300,34800,6847,105500,9,13,11,11,9,10,9,12
16,Israel,2008,6759,515600,44570,45900,10100,28100,7331,84100,9,13,11,11,9,10,9,11
16,Israel,2009,6880,522600,41845,36100,6200,18700,6650,61000,9,13,11,10,9,10,9,11
16,Israel,2010,6770,504500,40108,30200,6200,24200,6753,60600,9,13,11,10,9,10,9,11
16,Israel,2011,6835,517000,38057,44800,5200,24400,6124,74400,9,13,11,11,9,10,9,11
16,Israel,2012,7122,526200,36192,45100,8700,28400,6009,82200,9,13,10,11,9,10,9,11
16,Israel,2013,7125,520300,41569,46900,7700,30000,6005,84600,9,13,11,11,9,10,9,11
16,Israel,2014,7350,537700,38063,46400,5900,27100,6335,79400,9,13,11,11,9,10,9,11
16,Israel,2015,7163,533900,35693,45100,5700,21600,6367,72400,9,13,10,11,9,10,9,11
16,Israel,2016,7248,532000,36375,46800,5800,30200,6093,82800,9,13,11,11,9,10,9,11
16,Israel,2017,7320,623000,36009,50200,6100,36000,6093,92300,9,13,10,11,9,10,9,11
16,Israel,2018,6923,623300,35389,50200,6100,36000,6093,92300,9,13,10,11,9,10,9,11
17,Japan,1990,108958,5693000,4510000,612000,690000,536000,79821,1838000,12,16,15,13,13,13,11,14
17,Japan,1991,104352,5654000,4319796,576000,696000,480000,79821,1752000,12,16,15,13,13,13,11,14
17,Japan,1992,108209,5615000,4170786,572000,699000,513000,79821,1784000,12,16,15,13,13,13,11,14
17,Japan,1993,98857,5574000,3886275,600000,728000,489100,79821,1817100,12,16,15,13,13,13,11,14
17,Japan,1994,107838,5533000,3782234,580400,703600,479500,79821,1763500,12,16,15,13,13,13,11,14
17,Japan,1995,104339,5443000,3717357,527500,631400,482200,79821,1641100,12,16,15,13,13,13,11,14
17,Japan,1996,100951,5399000,3615195,511700,610100,441200,79821,1563000,12,16,15,13,13,13,11,14
17,Japan,1997,101141,5354000,3547266,495200,592500,422000,79821,1509700,12,15,15,13,13,13,11,14
17,Japan,1998,95547,5310000,3477777,476000,561300,381300,79821,1418600,11,15,15,13,13,13,11,14
17,Japan,1999,97000,5271000,3388455,479500,570400,388800,79821,1438700,11,15,15,13,13,13,11,14
17,Japan,2000,96385,5258000,3299650,487400,583000,381900,79821,1452300,11,15,15,13,13,13,11,14
17,Japan,2001,93492,4793000,3169780,484000,511000,359000,78735,1354000,11,15,15,13,13,13,11,14
17,Japan,2002,94688,4763000,3010282,531031,635617,307285,70263,1473933,11,15,15,13,13,13,11,14
17,Japan,2003,90131,4736000,2953361,543757,605667,324322,67870,1473746,11,15,15,13,13,13,11,14
17,Japan,2004,91522,4714000,2908871,561300,632658,354823,64689,1548781,11,15,15,13,13,13,11,14
17,Japan,2005,92552,4692000,2857302,553543,611129,352474,63830,1517146,11,15,15,13,13,13,11,14
17,Japan,2006,89274,4671000,2822505,528306,569367,347797,65248,1445470,11,15,15,13,13,13,11,14
17,Japan,2007,90845,4650000,2794395,514482,593047,408625,61164,1516154,11,15,15,13,13,13,11,14
17,Japan,2008,91638,4628000,2745621,468524,448482,281603,58750,1198609,11,15,15,13,13,13,11,14
17,Japan,2009,89772,4609000,2684990,434730,375278,215949,60971,1025957,11,15,15,13,13,12,11,14
17,Japan,2010,86964,4593000,2582085,449471,424312,238828,55576,1112611,11,15,15,13,13,12,11,14
17,Japan,2011,85811,4561000,2513498,439801,424474,258258,51796,1122533,11,15,15,13,13,12,11,14
17,Japan,2012,87096,4549000,2443660,372500,353400,323500,54716,1049400,11,15,15,13,13,13,11,14
17,Japan,2013,88410,4538000,2388962,367000,350000,319800,52794,1036800,11,15,15,13,13,13,11,14
17,Japan,2014,87956,4518000,2369799,395800,358500,344800,53544,1099100,11,15,15,13,13,13,11,14
17,Japan,2015,85544,4496000,2344768,359100,345200,310000,54171,1014300,11,15,15,13,13,13,11,14
17,Japan,2016,84912,4471000,2282350,380300,339900,309800,51006,1030000,11,15,15,13,13,13,11,14
17,Japan,2017,84780,4444000,2263149,389100,354800,307100,52249,1051000,11,15,15,13,13,13,11,14
17,Japan,2018,84138,4420000,2343697,389100,354800,307100,52332,1051000,11,15,15,13,13,13,11,14
18,Jordan,1990,1051,1040200,,8000,6500,2300,734,16800,7,14,,9,9,8,7,10
18,Jordan,1991,1013,1010400,32771,14809,4500,1100,926,20409,7,14,10,10,8,7,7,10
18,Jordan,1992,1287,1120700,34564,9700,4600,1400,1365,15700,7,14,10,9,8,7,7,10
18,Jordan,1993,1201,1090000,37230,6300,8000,2000,786,16300,7,14,11,9,9,8,7,10
18,Jordan,1994,1271,1072000,41088,4000,8000,2000,774,14000,7,14,11,8,9,8,7,10
18,Jordan,1995,1328,1114000,44644,6000,8000,2000,761,16000,7,14,11,9,9,8,7,10
18,Jordan,1996,1304,1051000,46294,5000,11150,3000,910,19150,7,14,11,9,9,8,7,10
18,Jordan,1997,1285,1061000,46875,10946,9075,4000,875,24021,7,14,11,9,9,8,7,10
18,Jordan,1998,1426,1066000,47116,14835,4596,4000,845,23431,7,14,11,10,8,8,7,10
18,Jordan,1999,1261,1067000,46988,12996,5000,5028,525,23024,7,14,11,9,9,9,6,10
18,Jordan,2000,1479,1069000,46907,9404,4460,6759,553,20623,7,14,11,9,8,9,6,10
18,Jordan,2001,1383,1022000,45965,10300,4840,7200,1528,22340,7,14,11,9,8,9,7,10
18,Jordan,2002,1753,1025000,44837,10600,10500,22150,1568,43250,7,14,11,9,9,10,7,11
18,Jordan,2003,1635,1005000,47094,10900,11000,0,1321,21900,7,14,11,9,9,,7,10
18,Jordan,2004,1815,1037000,49332,21529,38841,1500,737,61870,8,14,11,10,11,7,7,11
18,Jordan,2005,1863,1013000,49221,21884,42969,2500,1736,67353,8,14,11,10,11,8,7,11
18,Jordan,2006,1873,1018000,49597,11650,5660,2500,1142,19810,8,14,11,9,9,8,7,10
18,Jordan,2007,1905,963300,52266,36936,16481,2500,1351,55917,8,14,11,11,10,8,7,11
18,Jordan,2008,1989,972500,54557,22219,0,2500,1266,24719,8,14,11,10,,8,7,10
18,Jordan,2009,2130,1025000,57062,5149,0,7000,1090,12149,8,14,11,9,,9,7,9
18,Jordan,2010,2300,1002300,58521,15799,7049,7000,933,29848,8,14,11,10,9,9,7,10
18,Jordan,2011,2396,1002600,60335,32808,42228,7000,1112,82036,8,14,11,10,11,9,7,11
18,Jordan,2012,2358,1044900,62434,0,73920,7000,708,80920,8,14,11,,11,9,7,11
18,Jordan,2013,2329,1056600,62910,24817,2152,3292,1010,30261,8,14,11,10,8,8,7,10
18,Jordan,2014,2506,1064000,65807,18639,671,2675,719,21985,8,14,11,10,7,8,7,10
18,Jordan,2015,2667,1056300,67273,34523,1682,4117,666,40322,8,14,11,10,7,8,7,11
18,Jordan,2016,2715,1065960,67122,22113,918,3622,1028,26653,8,14,11,10,7,8,7,10
18,Jordan,2017,2491,1007000,68101,20085,717,4230,1291,25032,8,14,11,10,7,8,7,10
18,Jordan,2018,2447,1021800,68814,19918,1617,1388,675,22923,8,14,11,10,7,7,7,10
19,Kazakhstan,1992,11771,221463000,3057881,150000,315000,10000,17182,475000,9,19,15,12,13,9,10,13
19,Kazakhstan,1993,10753,221747000,3054466,86000,231000,7000,17182,324000,9,19,15,11,12,9,10,13
19,Kazakhstan,1994,9520,221651000,2861430,65000,50000,6000,17182,121000,9,19,15,11,11,9,10,12
19,Kazakhstan,1995,7612,217186500,2744285,64000,25000,6000,13535,95000,9,19,15,11,10,9,10,11
19,Kazakhstan,1996,6791,215473600,2644236,67100,57900,6000,13047,131000,9,19,15,11,11,9,9,12
19,Kazakhstan,1997,6434,215691800,2590024,15100,35000,6000,8112,56100,9,19,15,10,10,9,9,11
19,Kazakhstan,1998,5394,215329800,2538696,12600,200,200,6416,13000,9,19,15,9,5,5,9,9
19,Kazakhstan,1999,6719,215075300,2489888,30000,2100,2100,4720,34200,9,19,15,10,8,8,8,10
19,Kazakhstan,2000,6441,215393300,2448261,30000,4900,2100,3024,37000,9,19,15,10,8,8,8,11
19,Kazakhstan,2001,7412,214485600,2449296,42000,5500,2900,3007,50400,9,19,15,11,9,8,8,11
19,Kazakhstan,2002,7637,213468900,2501346,12800,10700,200,3362,23700,9,19,15,9,9,5,8,10
19,Kazakhstan,2003,7688,213001400,2528468,19600,14100,40,3607,33740,9,19,15,10,10,4,8,10
19,Kazakhstan,2004,7744,212670500,2433458,24800,13900,3400,3803,42100,9,19,15,10,10,8,8,11
19,Kazakhstan,2005,8237,212286000,2407619,20500,16900,3400,3667,40800,9,19,15,10,10,8,8,11
19,Kazakhstan,2006,8676,211876500,2388850,27800,13400,200,3926,41400,9,19,15,10,10,5,8,11
19,Kazakhstan,2007,9362,211435600,2416026,37500,20500,900,5576,58900,9,19,15,11,10,7,9,11
19,Kazakhstan,2008,8898,210851400,2389025,16300,14400,200,7045,30900,9,19,15,10,10,5,9,10
19,Kazakhstan,2009,9962,210783300,2317865,29500,26100,800,8716,56400,9,19,15,10,10,7,9,11
19,Kazakhstan,2010,8953,217161800,2314431,40701,14786,3201,6284,58688,9,19,15,11,10,8,9,11
19,Kazakhstan,2011,11334,216988500,2195442,47523,35530,4359,10657,87412,9,19,15,11,10,8,9,11
19,Kazakhstan,2012,9446,217012100,2145759,105264,20784,3609,8675,129657,9,19,15,12,10,8,9,12
19,Kazakhstan,2013,10497,216994100,2056620,55742,25626,3541,8738,84909,9,19,15,11,10,8,9,11
19,Kazakhstan,2014,10773,216799400,1804056,80654,32355,3478,11159,116487,9,19,14,11,10,8,9,12
19,Kazakhstan,2015,11189,216259700,1563679,91532,33111,2507,10589,127150,9,19,14,11,10,8,9,12
19,Kazakhstan,2016,11775,216242100,1507674,101900,97600,17000,10672,216500,9,19,14,12,11,10,9,12
19,Kazakhstan,2017,12188,216213800,1447764,104900,122600,18300,13001,245800,9,19,14,12,12,10,9,12
19,Kazakhstan,2018,12671,216036500,1401188,104900,122600,18300,13058,245800,9,19,14,12,12,10,9,12
20,Kuwait,2002,108,151000,26515,1000,0,0,32,1000,5,12,10,7,,,3,7
20,Kuwait,2003,137,151000,27051,1000,0,0,32,1000,5,12,10,7,,,3,7
20,Kuwait,2004,131,150000,28073,1000,0,0,32,1000,5,12,10,7,,,3,7
20,Kuwait,2005,147,150000,29988,1000,0,0,32,1000,5,12,10,7,,,3,7
20,Kuwait,2006,171,150000,30905,1000,999,1489,32,3488,5,12,10,7,7,7,3,8
20,Kuwait,2007,195,151000,31996,1000,1981,346,32,3326,5,12,10,7,8,6,3,8
20,Kuwait,2008,188,151000,33344,1000,1261,3768,32,6029,5,12,10,7,7,8,3,9
20,Kuwait,2009,192,151500,36262,1000,0,0,32,1000,5,12,10,7,,,3,7
20,Kuwait,2010,213,152000,39081,1000,861,423,32,2284,5,12,11,7,7,6,3,8
20,Kuwait,2011,311,152500,40851,1000,605,3032,32,4636,6,12,11,7,6,8,3,8
20,Kuwait,2012,301,152000,42505,1500,673,2513,32,4686,6,12,11,7,7,8,3,8
20,Kuwait,2013,334,153600,44481,2300,741,1995,32,5036,6,12,11,8,7,8,3,9
20,Kuwait,2014,331,152100,46326,2300,783,3300,32,6383,6,12,11,8,7,8,3,9
20,Kuwait,2015,278,149400,47778,2300,1224,5120,32,8644,6,12,11,8,7,9,3,9
20,Kuwait,2016,265,150000,47953,2000,1754,4252,32,8006,6,12,11,8,7,8,3,9
20,Kuwait,2017,288,151400,48687,2000,2196,5074,32,9270,6,12,11,8,8,9,3,9
20,Kuwait,2018,287,150000,48094,2000,2238,4238,32,8476,6,12,11,8,8,8,3,9
21,Kyrgyzstan,1992,2079,10088000,656458,25300,1700,5000,2418,32000,8,16,13,10,7,9,8,10
21,Kyrgyzstan,1993,1941,10120000,667567,22000,1000,5000,2201,28000,8,16,13,10,7,9,8,10
21,Kyrgyzstan,1994,1740,10373000,727863,22000,1000,5000,1984,28000,7,16,13,10,7,9,8,10
21,Kyrgyzstan,1995,1657,10439000,825005,22000,1000,5000,1767,28000,7,16,14,10,7,9,7,10
21,Kyrgyzstan,1996,1838,10641000,823260,25000,1000,5000,1549,31000,8,16,14,10,7,9,7,10
21,Kyrgyzstan,1997,1989,10661000,856907,25000,1000,5000,1332,31000,8,16,14,10,7,9,7,10
21,Kyrgyzstan,1998,2092,10690000,878139,27714,1064,300,1115,29078,8,16,14,10,7,6,7,10
21,Kyrgyzstan,1999,2276,10726000,966970,26849,1178,44,898,28071,8,16,14,10,7,4,7,10
21,Kyrgyzstan,2000,2348,10714000,1010535,27653,1400,146,681,29199,8,16,14,10,7,5,7,10
21,Kyrgyzstan,2002,2386,10776000,917646,9232,205,46,733,9483,8,16,14,9,5,4,7,9
21,Kyrgyzstan,2003,2450,10840000,842037,31383,1810,18,1303,33211,8,16,14,10,8,3,7,10
21,Kyrgyzstan,2004,2490,10770000,779441,27232,1684,8,1321,28924,8,16,14,10,7,2,7,10
21,Kyrgyzstan,2005,2387,10745000,803913,29589,2034,0,1081,31623,8,16,14,10,8,,7,10
21,Kyrgyzstan,2009,2613,10617300,721978,25887,1266,1006,267,28159,8,16,13,10,7,7,6,10
21,Kyrgyzstan,2010,2561,10611900,719644,25714,3204,0,350,28918,8,16,13,10,8,,6,10
21,Kyrgyzstan,2011,2598,10608500,707555,22447,1964,46,313,24457,8,16,13,10,8,4,6,10
21,Kyrgyzstan,2012,2598,10591300,689565,26908,4093,41,365,31042,8,16,13,10,8,4,6,10
21,Kyrgyzstan,2013,2710,10556700,720470,29124,5923,28,341,35075,8,16,13,10,9,3,6,10
21,Kyrgyzstan,2014,2761,10557100,729538,35748,4967,265,403,40980,8,16,14,10,9,6,6,11
21,Kyrgyzstan,2015,3027,10556200,689962,12786,444,92,516,13323,8,16,13,9,6,5,6,9
21,Kyrgyzstan,2016,3104,10541100,632951,14086,2020,241,533,16347,8,16,13,10,8,5,6,10
21,Kyrgyzstan,2017,3168,10540100,541875,9312,419,173,560,9904,8,16,13,9,6,5,6,9
21,Kyrgyzstan,2018,3239,10541300,528281,24979,2190,196,607,27365,8,16,13,10,8,5,6,10
23,Lebanon,1990,2455,605000,,11000,12000,2400,1221,25400,8,13,,9,9,8,7,10
23,Lebanon,1991,2751,606000,157262,12400,15000,2300,1221,29700,8,13,12,9,10,8,7,10
23,Lebanon,1992,2909,606000,165622,14200,15900,3900,1221,34000,8,13,12,10,10,8,7,10
23,Lebanon,1993,2814,606000,176154,18000,14000,4200,1221,36200,8,13,12,10,10,8,7,10
23,Lebanon,1994,2951,607000,187009,10000,14000,4000,1221,28000,8,13,12,9,10,8,7,10
23,Lebanon,1995,3168,609000,196299,25000,15000,4000,1221,44000,8,13,12,10,10,8,7,11
23,Lebanon,1996,3271,618000,197131,22000,30000,4000,1221,56000,8,13,12,10,10,8,7,11
23,Lebanon,1997,2971,622000,200168,21942,32000,8300,1816,62242,8,13,12,10,10,9,8,11
23,Lebanon,1998,2782,626000,201481,23400,32000,8300,1816,63700,8,13,12,10,10,9,8,11
23,Lebanon,1999,2829,582500,204523,22000,32000,9700,1816,63700,8,13,12,10,10,9,8,11
23,Lebanon,2000,2755,595000,210166,24300,18400,9557,1816,52257,8,13,12,10,10,9,8,11
23,Lebanon,2001,2446,598000,216969,29695,19520,9362,1816,58577,8,13,12,10,10,9,8,11
23,Lebanon,2002,2615,616000,226599,19844,6398,8000,1816,34242,8,13,12,10,9,9,8,10
23,Lebanon,2003,2591,627000,237468,23604,0,8267,1816,31872,8,13,12,10,,9,8,10
23,Lebanon,2004,2788,638300,243657,24936,0,9762,1816,34697,8,13,12,10,,9,8,10
23,Lebanon,2005,2619,653000,248537,14607,0,7379,1816,21985,8,13,12,10,,9,8,10
23,Lebanon,2006,2611,679000,250541,9453,0,5985,1816,15438,8,13,12,9,,9,8,10
23,Lebanon,2007,2663,677100,243169,14444,0,8774,1816,23218,8,13,12,10,,9,8,10
23,Lebanon,2008,2773,663000,239042,9863,2428,7809,1816,20099,8,13,12,9,8,9,8,10
23,Lebanon,2009,2444,663000,235549,15530,0,5034,1816,20565,8,13,12,10,,9,8,10
23,Lebanon,2010,2442,640000,236188,17607,0,7906,1816,25513,8,13,12,10,,9,8,10
23,Lebanon,2011,2315,651000,247435,18390,15563,8595,1816,42549,8,13,12,10,10,9,8,11
23,Lebanon,2012,2345,658000,261112,18649,7730,5362,1816,31741,8,13,12,10,9,9,8,10
23,Lebanon,2013,2477,658000,275694,19966,0,7629,1816,27595,8,13,13,10,,9,8,10
23,Lebanon,2014,2387,658000,289770,19100,2380,7649,1816,29129,8,13,13,10,8,9,8,10
23,Lebanon,2015,2300,658000,300041,18924,9600,8697,1816,37221,8,13,13,10,9,9,8,11
23,Lebanon,2016,2534,658000,305668,20759,10000,7907,1816,38665,8,13,13,10,9,9,8,11
23,Lebanon,2017,2401,658000,308890,22909,12200,9443,1816,44552,8,13,13,10,9,9,8,11
23,Lebanon,2018,2336,658000,308831,16926,12200,8674,1816,37800,8,13,13,10,9,9,8,11
24,Malaysia,1990,11376,6756600,1737600,262100,153700,493700,39406,909500,9,16,14,12,12,13,11,14
24,Malaysia,1991,11326,6794500,1567738,254700,166200,520100,39406,941000,9,16,14,12,12,13,11,14
24,Malaysia,1992,11738,6806500,1570782,294900,160000,510000,39406,964900,9,16,14,13,12,13,11,14
24,Malaysia,1993,12774,6891400,1557894,301000,170000,560000,39406,1031000,9,16,14,13,12,13,11,14
24,Malaysia,1994,12785,6990900,1567219,287000,170300,700000,39406,1157300,9,16,14,13,12,13,11,14
24,Malaysia,1995,13212,6966000,1574393,286000,206000,600000,39406,1092000,9,16,14,13,12,13,11,14
24,Malaysia,1996,13390,6961100,1582543,255000,230000,646000,39406,1131000,10,16,14,12,12,13,11,14
24,Malaysia,1997,13752,6958700,1458552,344000,238000,670000,39406,1252000,10,16,14,13,12,13,11,14
24,Malaysia,1998,12995,6944700,1632215,417000,233000,756000,39406,1406000,9,16,14,13,12,14,11,14
24,Malaysia,1999,14070,6947100,1641084,362400,230800,730600,39406,1323800,10,16,14,13,12,14,11,14
24,Malaysia,2000,14408,6938700,1697064,348588,199687,640000,39406,1188275,10,16,14,13,12,13,11,14
24,Malaysia,2001,14784,6947000,1428958,331917,158800,640000,39406,1130717,10,16,14,13,12,13,11,14
24,Malaysia,2002,15045,7037500,1448697,417622,101169,550562,39406,1069353,10,16,14,13,12,13,11,14
24,Malaysia,2003,16168,7116240,1420929,522180,101169,457212,39406,1080561,10,16,14,13,12,13,11,14
24,Malaysia,2004,17100,7131700,1490902,602415,101169,912649,39406,1616233,10,16,14,13,12,14,11,14
24,Malaysia,2005,17928,7134410,1542248,663718,141333,710240,39406,1515291,10,16,14,13,12,13,11,14
24,Malaysia,2006,18858,7075200,1580549,649549,110993,911084,39406,1671626,10,16,14,13,12,14,11,14
24,Malaysia,2007,18848,7107200,1637656,665261,150396,980820,46868,1796478,10,16,14,13,12,14,11,14
24,Malaysia,2008,19969,7150400,1569687,726951,138513,933124,54822,1798588,10,16,14,13,12,14,11,14
24,Malaysia,2009,19497,7220000,1558096,487281,99873,382896,52464,970049,10,16,14,13,12,13,11,14
24,Malaysia,2010,19761,7389300,1687380,681543,209130,960381,60195,1851055,10,16,14,13,12,14,11,14
24,Malaysia,2011,21398,7530600,1431245,706061,157075,1027027,41562,1890163,10,16,14,13,12,14,11,14
24,Malaysia,2012,21892,7829200,1642700,720551,165447,778586,49810,1664584,10,16,14,13,12,14,11,14
24,Malaysia,2013,22077,8059300,1754644,555304,340955,845795,61446,1742054,10,16,14,13,13,14,11,14
24,Malaysia,2014,21954,8089000,1696627,601854,347048,1054415,49199,2003317,10,16,14,13,13,14,11,15
24,Malaysia,2015,23171,8569970,1766000,538253,330368,868702,63308,1737323,10,16,14,13,13,14,11,14
24,Malaysia,2016,21615,8571000,1630375,527252,291865,951021,67288,1770139,10,16,14,13,13,14,11,14
24,Malaysia,2017,23916,8571000,1604078,476917,322889,992154,50683,1791960,10,16,14,13,13,14,11,14
24,Malaysia,2018,23643,8571000,1585500,382378,304948,1052603,44115,1739928,10,16,14,13,13,14,11,14
25,Maldives,2002,23,12000,18728,9,5,4,44,18,3,9,10,2,2,1,4,3
25,Maldives,2003,34,12000,19161,12,6,6,44,24,4,9,10,2,2,2,4,3
25,Maldives,2004,48,11000,19474,20,7,4,44,31,4,9,10,3,2,1,4,3
25,Maldives,2005,32,9000,20559,34,25,30,44,89,3,9,10,4,3,3,4,4
25,Maldives,2006,32,8000,20046,119,118,116,44,353,3,9,10,5,5,5,4,6
25,Maldives,2009,14,8000,20616,141,125,128,44,394,3,9,10,5,5,5,4,6
25,Maldives,2010,13,7900,20814,127,120,121,44,368,3,9,10,5,5,5,4,6
25,Maldives,2011,8,7900,21066,70,42,31,44,143,2,9,10,4,4,3,4,5
25,Maldives,2012,5,7900,21743,303,111,112,66,526,2,9,10,6,5,5,4,6
25,Maldives,2013,3,7900,22143,256,250,248,236,755,1,9,10,6,6,6,5,7
25,Maldives,2014,4,7900,22515,203,28,4,376,236,1,9,10,5,3,1,6,5
25,Maldives,2015,5,7900,22523,238,3,9,907,250,2,9,10,5,1,2,7,6
25,Maldives,2016,5,7900,22103,339,13,15,377,367,2,9,10,6,3,3,6,6
25,Maldives,2017,6,7900,22754,350,59,33,363,442,2,9,10,6,4,3,6,6
25,Maldives,2018,5,7900,23325,406,22,20,363,448,2,9,10,6,3,3,6,6
26,Mongolia,1990,988,125656000,,9100,3700,1800,116,14600,7,19,,9,8,7,5,10
26,Mongolia,1991,969,126130000,311073,10000,4000,2000,116,16000,7,19,13,9,8,8,5,10
26,Mongolia,1992,873,123590000,325068,11000,3500,600,116,15100,7,19,13,9,8,6,5,10
26,Mongolia,2006,692,114727300,390812,6511,1,2,116,6514,7,19,13,9,0,1,5,9
26,Mongolia,2008,836,114507000,433307,6921,18,2,116,6941,7,19,13,9,3,1,5,9
26,Mongolia,2009,995,114270056,434353,7520,15,35,116,7570,7,19,13,9,3,4,5,9
26,Mongolia,2010,807,114210030,367032,11026,31,23,116,11080,7,19,13,9,3,3,5,9
26,Mongolia,2011,917,114187800,380660,13933,19,13,116,13965,7,19,13,10,3,3,5,10
26,Mongolia,2012,991,114067903,409105,16936,0,5,116,16941,7,19,13,10,-5,2,5,10
26,Mongolia,2013,1034,114101690,354942,25365,8,6,116,25380,7,19,13,10,2,2,5,10
26,Mongolia,2014,1064,113758800,337968,19127,130,2,116,19260,7,19,13,10,5,1,5,10
26,Mongolia,2015,1285,113738760,348411,20686,1778,732,116,23195,7,19,13,10,7,7,5,10
26,Mongolia,2016,1307,113671410,360131,22964,1580,1279,116,25823,7,19,13,10,7,7,5,10
26,Mongolia,2017,1267,113583750,352218,35673,634,430,116,36737,7,19,13,10,6,6,5,11
26,Mongolia,2018,1818,113549400,346251,40519,850,797,116,42165,8,19,13,11,7,7,5,11
28,Nepal,1990,3792,4144400,,51837,19105,1570,60,72512,8,15,,11,10,7,4,11
28,Nepal,1991,3892,4147000,7772419,57000,22700,1400,60,81100,8,15,16,11,10,7,4,11
28,Nepal,1992,3796,4158200,7984225,59400,21400,1203,60,82003,8,15,16,11,10,7,4,11
28,Nepal,1993,4107,4169400,8201439,55259,17000,1277,60,73536,8,15,16,11,10,7,4,11
28,Nepal,1994,4094,4180600,8401767,66400,24900,1700,60,93000,8,15,16,11,10,7,4,11
28,Nepal,1995,4356,4191800,8598123,70000,21300,2399,60,93699,8,15,16,11,10,8,4,11
28,Nepal,1996,4422,4203000,8714082,75000,25000,3000,70,103000,8,15,16,11,10,8,4,12
28,Nepal,1997,4579,4214200,8801069,77400,28500,1600,81,107500,8,15,16,11,10,7,4,12
28,Nepal,1998,4628,4225400,8864252,87400,32300,1800,91,121500,8,15,16,11,10,7,5,12
28,Nepal,1999,4795,4236600,8889163,62000,30400,2000,101,94400,8,15,16,11,10,8,5,11
28,Nepal,2000,5053,4249100,8955818,51771,18161,3082,112,73014,9,15,16,11,10,8,5,11
28,Nepal,2001,5257,4259000,9038086,47204,24513,809,122,72526,9,15,16,11,10,7,5,11
28,Nepal,2002,5421,4241000,9154870,21838,15332,1780,132,38950,9,15,16,10,10,7,5,11
28,Nepal,2003,5581,4227000,9248645,5465,5233,1013,143,11711,9,15,16,9,9,7,5,9
28,Nepal,2004,5791,4218000,9341929,8118,8941,1399,153,18458,9,15,16,9,9,7,5,10
28,Nepal,2005,5973,4202000,9441413,2856,4994,287,128,8137,9,15,16,8,9,6,5,9
28,Nepal,2007,6117,4166000,9709435,1939,1342,323,344,3604,9,15,16,8,7,6,6,8
28,Nepal,2008,6478,4152000,9784993,2790,240,0,353,3030,9,15,16,8,5,,6,8
28,Nepal,2009,6777,4140000,9856197,28331,11597,118,210,40046,9,15,16,10,9,5,5,11
28,Nepal,2010,6917,4126000,9909604,43148,10130,1411,332,54689,9,15,16,11,9,7,6,11
28,Nepal,2011,7456,4126600,9909593,54769,21439,1238,343,77446,9,15,16,11,10,7,6,11
28,Nepal,2012,7972,4121000,9880596,45950,9246,1344,410,56540,9,15,16,11,9,7,6,11
28,Nepal,2013,7831,4121000,9865276,78287,34379,2431,455,115097,9,15,16,11,10,8,6,12
28,Nepal,2014,8228,4121000,9861391,96718,41940,3743,549,142401,9,15,16,11,11,8,6,12
28,Nepal,2015,8288,4121000,9920417,105798,46827,4030,574,156655,9,15,16,12,11,8,6,12
28,Nepal,2016,8621,4121000,10164026,105723,46827,5304,574,157854,9,15,16,12,11,9,6,12
28,Nepal,2017,8853,4121000,10354966,91634,40265,6577,574,138475,9,15,16,11,11,9,6,12
28,Nepal,2018,8970,4121000,10587133,127251,48585,7811,574,183647,9,15,16,12,11,9,6,12
30,Oman,1990,92,1080000,,4836,1547,3096,43,9479,5,14,,8,7,8,4,9
30,Oman,1991,99,1080000,57385,4851,1491,1805,32,8147,5,14,11,8,7,7,3,9
30,Oman,1992,101,1083000,60494,5000,1500,1500,127,8000,5,14,11,9,7,7,5,9
30,Oman,1993,101,1072000,63399,5000,2000,2000,104,9000,5,14,11,9,8,8,5,9
30,Oman,1994,104,1072000,62623,6000,800,800,80,7600,5,14,11,9,7,7,4,9
30,Oman,1995,103,1071000,60680,6000,900,900,83,7800,5,14,11,9,7,7,4,9
30,Oman,1996,99,1071000,55510,4907,900,900,86,6707,5,14,11,8,7,7,4,9
30,Oman,1997,103,1070000,53143,3494,968,968,285,5430,5,14,11,8,7,7,6,9
30,Oman,1998,93,1071000,50996,6720,734,700,298,8154,5,14,11,9,7,7,6,9
30,Oman,1999,106,1071000,49173,5695,829,800,172,7324,5,14,11,9,7,7,5,9
30,Oman,2000,99,1173000,47551,3950,1006,800,45,5756,5,14,11,8,7,7,4,9
30,Oman,2001,104,1173600,50625,5734,1651,3019,66,10404,5,14,11,9,7,8,4,9
30,Oman,2002,101,1273400,54810,4227,1287,6520,87,12034,5,14,11,8,7,9,4,9
30,Oman,2003,99,1373000,59939,1750,1425,3185,109,6360,5,14,11,7,7,8,5,9
30,Oman,2004,115,1472000,65286,6028,1293,6957,130,14279,5,14,11,9,7,9,5,10
30,Oman,2005,88,1465000,71348,8008,1413,7316,151,16738,4,14,11,9,7,9,5,10
30,Oman,2006,78,1463000,78784,8265,1477,10935,172,20677,4,14,11,9,7,9,5,10
30,Oman,2007,90,1465000,87013,7629,1236,7995,193,16860,5,14,11,9,7,9,5,10
30,Oman,2008,102,1457200,96198,11358,1809,11093,214,24260,5,14,11,9,8,9,5,10
30,Oman,2009,107,1454400,81627,8418,1664,5912,235,15994,5,14,11,9,7,9,5,10
30,Oman,2010,144,1443200,68641,9630,1945,7025,256,18601,5,14,11,9,8,9,6,10
30,Oman,2011,129,1436800,76626,9471,1437,5342,292,16249,5,14,11,9,7,9,6,10
30,Oman,2012,123,1423800,84268,10003,1523,6177,339,17703,5,14,11,9,7,9,6,10
30,Oman,2013,120,1419500,93236,11223,1586,5729,439,18538,5,14,11,9,7,9,6,10
30,Oman,2014,117,1419800,102582,8604,2264,7780,410,18648,5,14,12,9,8,9,6,10
30,Oman,2015,147,1434000,111535,9331,2347,9027,333,20706,5,14,12,9,8,9,6,10
30,Oman,2016,157,1436000,115440,12036,3523,13211,347,28770,5,14,12,9,8,9,6,10
30,Oman,2017,240,1451920,120138,8796,3447,10812,275,23056,5,14,12,9,8,9,6,10
30,Oman,2018,235,1458890,122002,10223,3081,10978,204,24282,5,14,12,9,8,9,5,10
31,Pakistan,1990,25558,35206000,15241000,1471642,388500,32757,5299,1892899,10,17,17,14,13,10,9,14
31,Pakistan,1991,27330,35270000,14431097,1462862,397974,23297,5962,1884133,10,17,16,14,13,10,9,14
31,Pakistan,1992,27233,35380000,14776967,1636323,487530,24062,5518,2147915,10,17,17,14,13,10,9,15
31,Pakistan,1993,28779,35750000,14951755,1659350,464258,23172,4945,2146780,10,17,17,14,13,10,9,15
31,Pakistan,1994,29760,35790000,15436867,1738117,428900,16555,6183,2183572,10,17,17,14,13,10,9,15
31,Pakistan,1995,32419,36026000,15485910,1991006,494449,29669,7681,2515124,10,17,17,15,13,10,9,15
31,Pakistan,1996,32008,36172000,16041060,1985080,419474,8425,11955,2412979,10,17,17,15,13,9,9,15
31,Pakistan,1997,32612,36669000,16667605,2087607,551284,20443,16936,2659334,10,17,17,15,13,10,10,15
31,Pakistan,1998,34039,36760000,17133813,2091852,465000,21200,18406,2578052,10,17,17,15,13,10,10,15
31,Pakistan,1999,35270,36756000,17641681,2218100,596800,18100,20450,2833000,10,17,17,15,13,10,10,15
31,Pakistan,2000,36136,36698000,18150005,2264600,675100,22800,27885,2962500,10,17,17,15,13,10,10,15
31,Pakistan,2001,35136,36972000,18432623,2291610,641940,10900,11871,2944450,10,17,17,15,13,9,9,15
31,Pakistan,2002,35585,36884000,18759099,2384980,647360,20500,10882,3052840,10,17,17,15,13,10,9,15
31,Pakistan,2003,36900,36842000,19398497,2456009,669307,23944,9893,3149260,11,17,17,15,13,10,9,15
31,Pakistan,2004,39573,36045000,20462754,2570230,761031,26449,8903,3357710,11,17,17,15,14,10,9,15
31,Pakistan,2005,40686,35965000,21130816,2818779,871416,35301,7914,3725496,11,17,17,15,14,10,9,15
31,Pakistan,2006,41856,36135000,21757742,2868984,906749,36408,6925,3812141,11,17,17,15,14,11,9,15
31,Pakistan,2007,43657,36013000,22580908,2714053,816044,43924,5936,3574021,11,17,17,15,14,11,9,15
31,Pakistan,2008,45249,35313000,23809780,2928057,565675,16564,4947,3510296,11,17,17,15,13,10,9,15
31,Pakistan,2009,46456,35277000,23942031,3451900,778714,15499,3958,4246113,11,17,17,15,14,10,8,15
31,Pakistan,2010,45606,35242000,24840203,3270531,756700,37545,2968,4064776,11,17,17,15,14,11,8,15
31,Pakistan,2011,48907,35936000,25552489,3187339,653181,28013,1979,3868533,11,17,17,15,13,10,8,15
31,Pakistan,2012,48605,36063000,25793217,2850771,678840,19427,990,3549038,11,17,17,15,13,10,7,15
31,Pakistan,2013,51257,36280000,25956458,3239557,875452,19849,1,4134858,11,17,17,15,14,10,0,15
31,Pakistan,2014,52671,36252000,26881070,3139263,936148,29549,1,4104960,11,17,17,15,14,10,0,15
31,Pakistan,2015,52453,36202000,26795286,3160507,993338,25291,1,4179136,11,17,17,15,14,10,0,15
31,Pakistan,2016,54759,36794000,28134013,3241907,1209145,28954,1,4480006,11,17,17,15,14,10,0,15
31,Pakistan,2017,57094,37003000,27024400,3446922,1257773,54173,1,4758868,11,17,17,15,14,11,0,15
31,Pakistan,2018,56873,36300000,25856315,3446922,1257773,54173,1,4758868,11,17,17,15,14,11,0,15
32,Philippines,1990,19360,11140000,10185000,400640,104973,81479,11108,587092,10,16,16,13,12,11,9,13
32,Philippines,1991,19530,11157000,10166201,302700,77600,67518,10973,447818,10,16,16,13,11,11,9,13
32,Philippines,1992,19545,11115000,10573878,362600,73100,69700,11401,505400,10,16,16,13,11,11,9,13
32,Philippines,1993,20213,11065000,10978647,401142,96500,67848,11974,565490,10,16,16,13,11,11,9,13
32,Philippines,1994,20912,11015000,11123330,401961,105635,92602,13399,600198,10,16,16,13,12,11,10,13
32,Philippines,1995,20684,11015000,11010715,397333,129700,71374,14743,598407,10,16,16,13,12,11,10,13
32,Philippines,1996,22401,11105000,11137902,482500,145800,108500,15702,736800,10,16,16,13,12,12,10,14
32,Philippines,1997,22456,11335000,10541629,548215,148640,112340,16352,809195,10,16,16,13,12,12,10,14
32,Philippines,1998,20727,11285000,10410566,409362,118565,100507,16548,628434,10,16,16,13,12,12,10,13
32,Philippines,1999,22859,11235000,10936291,480389,142628,120747,17593,743764,10,16,16,13,12,12,10,14
32,Philippines,2000,23544,11234000,10728144,488177,124113,122260,17107,734550,10,16,16,13,12,12,10,14
32,Philippines,2001,24461,11184000,10939996,507348,148655,125412,16971,781415,10,16,16,13,12,12,10,14
32,Philippines,2002,25213,11135000,11193875,445244,129401,113000,17386,687645,10,16,16,13,12,12,10,13
32,Philippines,2003,25971,11240000,11212900,572571,129401,128000,17587,829972,10,16,16,13,12,12,10,14
32,Philippines,2004,26724,11470000,11386111,629808,129401,120200,18193,879409,10,16,16,13,12,12,10,14
32,Philippines,2005,27135,11355000,11440132,544134,137311,102000,19130,783445,10,16,16,13,12,12,10,14
32,Philippines,2006,28294,11580000,11577065,474332,148819,117000,20014,740151,10,16,16,13,12,12,10,14
32,Philippines,2007,29922,11790000,11837720,519960,205168,117612,21110,842740,10,16,16,13,12,12,10,14
32,Philippines,2008,31104,12010000,11929418,401297,79239,91567,21835,572103,10,16,16,13,11,11,10,13
32,Philippines,2009,30999,12100000,12174503,428140,65149,174660,22236,667949,10,16,16,13,11,12,10,13
32,Philippines,2010,30589,12100000,12211448,593226,92446,116936,22910,802608,10,16,16,13,11,12,10,14
32,Philippines,2011,32028,12260000,12572696,518448,150962,120084,21119,789494,10,16,16,13,12,12,10,14
32,Philippines,2012,33132,12430000,12563764,470000,80400,110000,21038,660400,10,16,16,13,11,12,10,13
32,Philippines,2013,33285,12440000,12341743,527459,201419,142463,21320,871342,10,16,16,13,12,12,10,14
32,Philippines,2014,32963,12440000,12468262,595539,136122,147889,21266,879551,10,16,16,13,12,12,10,14
32,Philippines,2015,33003,12440000,12171353,526906,131228,121243,23251,779377,10,16,16,13,12,12,10,14
32,Philippines,2016,32951,12440000,11536261,628136,157588,162480,4011,948205,10,16,16,13,12,12,8,14
32,Philippines,2017,34559,12440000,10661878,761288,208515,218624,12595,1188427,10,16,16,14,12,12,9,14
32,Philippines,2018,34635,12440000,10406952,649676,132990,162050,12595,944716,10,16,16,13,12,12,9,14
33,Qatar,2002,97,64500,9015,1000,80,431,68,1511,5,11,9,7,4,6,4,7
33,Qatar,2003,81,64600,10452,1000,0,0,68,1000,4,11,9,7,,,4,7
33,Qatar,2004,84,64600,12439,1000,0,0,68,1000,4,11,9,7,,,4,7
33,Qatar,2005,77,64200,15474,1000,0,0,68,1000,4,11,10,7,,,4,7
33,Qatar,2012,107,66520,22210,1000,0,1200,68,2200,5,11,10,7,,7,4,8
33,Qatar,2013,135,68500,24255,1000,0,0,68,1000,5,11,10,7,,,4,7
33,Qatar,2014,108,67600,24302,1000,0,0,68,1000,5,11,10,7,,,4,7
33,Qatar,2015,143,67800,23972,1400,400,1400,68,3200,5,11,10,7,6,7,4,8
33,Qatar,2016,124,67000,24416,1300,400,1400,68,3100,5,11,10,7,6,7,4,8
33,Qatar,2017,132,67000,25540,1400,500,1500,68,3400,5,11,10,7,6,7,4,8
33,Qatar,2018,134,67000,25485,1400,500,1500,68,3400,5,11,10,7,6,7,4,8
34,Saudi Arabia,1990,7534,123481000,,273000,193000,23000,994,489000,9,19,,13,12,10,7,13
34,Saudi Arabia,1991,7312,123672000,374572,284000,200000,24000,994,508000,9,19,13,13,12,10,7,13
34,Saudi Arabia,1992,7684,123746000,377503,292000,218000,28600,994,538600,9,19,13,13,12,10,7,13
34,Saudi Arabia,1993,7878,130785000,376996,250000,190000,15000,994,455000,9,19,13,12,12,10,7,13
34,Saudi Arabia,1994,7957,137785000,373305,196000,155000,9000,994,360000,9,19,13,12,12,9,7,13
34,Saudi Arabia,1995,7596,144785000,370075,153000,121000,10000,994,284000,9,19,13,12,12,9,7,13
34,Saudi Arabia,1996,7430,151785000,364704,171000,138000,8000,994,317000,9,19,13,12,12,9,7,13
34,Saudi Arabia,1997,8121,158785000,362065,181000,131000,9000,2513,321000,9,19,13,12,12,9,8,13
34,Saudi Arabia,1998,8357,166785000,361462,200000,121000,9000,2683,330000,9,19,13,12,12,9,8,13
34,Saudi Arabia,1999,8023,173785000,360979,210000,128000,9000,2854,347000,9,19,13,12,12,9,8,13
34,Saudi Arabia,2000,8419,173785000,371519,228000,137200,21000,3024,386200,9,19,13,12,12,10,8,13
34,Saudi Arabia,2001,9665,173791000,378153,223060,141700,19000,3194,383760,9,19,13,12,12,10,8,13
34,Saudi Arabia,2002,9333,173793000,302344,224300,132200,9000,3365,365500,9,19,13,12,12,9,8,13
34,Saudi Arabia,2003,9734,173798000,303713,235000,138000,9200,3535,382200,9,19,13,12,12,9,8,13
34,Saudi Arabia,2004,10341,173709000,305981,238000,139000,22000,3706,399000,9,19,13,12,12,10,8,13
34,Saudi Arabia,2005,10419,173717000,309057,194000,120000,21700,3876,335700,9,19,13,12,12,10,8,13
34,Saudi Arabia,2006,10722,173674000,309717,206000,137000,23000,4046,366000,9,19,13,12,12,10,8,13
34,Saudi Arabia,2007,10946,173675000,349666,221000,151000,22500,4217,394500,9,19,13,12,12,10,8,13
34,Saudi Arabia,2008,11164,173572000,365661,140000,74000,17000,4378,231000,9,19,13,12,11,10,8,12
34,Saudi Arabia,2009,10941,173435000,358021,130000,70000,10000,4539,210000,9,19,13,12,11,9,8,12
34,Saudi Arabia,2010,11290,173406000,389081,125000,65000,10000,4700,200000,9,19,13,12,11,9,8,12
34,Saudi Arabia,2011,10924,173388000,422568,127500,63000,10000,4861,200500,9,19,13,12,11,9,8,12
34,Saudi Arabia,2012,10589,173345000,464521,122000,60000,10000,5022,192000,9,19,13,12,11,9,9,12
34,Saudi Arabia,2013,11633,173295000,503403,176600,86500,13500,5413,276600,9,19,13,12,11,10,9,13
34,Saudi Arabia,2014,9415,173575300,622662,170100,86000,17000,5413,273100,9,19,13,12,11,10,9,13
34,Saudi Arabia,2015,10662,173635400,759378,194200,94000,17700,5413,305900,9,19,14,12,11,10,9,13
34,Saudi Arabia,2016,11321,173619000,638124,201900,94300,14000,5413,310200,9,19,13,12,11,10,9,13
34,Saudi Arabia,2017,11589,173629200,464219,173300,95300,10600,5413,279200,9,19,13,12,11,9,9,13
34,Saudi Arabia,2018,12023,173629000,332009,173300,95300,10600,5413,279200,9,19,13,12,11,9,9,13
36,South Korea,1990,33671,2179000,3237000,505400,229600,222702,25082,957702,10,15,15,13,12,12,10,14
36,South Korea,1991,33104,2161000,2814156,473500,231600,222600,27476,927700,10,15,15,13,12,12,10,14
36,South Korea,1992,35899,2136000,2753809,486600,219100,258000,26718,963700,10,15,15,13,12,12,10,14
36,South Korea,1993,35247,2118000,2672993,477300,226500,269900,25999,973700,10,15,15,13,12,13,10,14
36,South Korea,1994,36289,2096000,2570013,475000,222000,263000,26971,960000,10,15,15,13,12,12,10,14
36,South Korea,1995,37525,2048000,2477616,478029,227000,274000,25845,979029,11,15,15,13,12,13,10,14
36,South Korea,1996,39499,2008000,2390577,455907,209000,244000,24620,908907,11,15,15,13,12,12,10,14
36,South Korea,1997,40705,1983000,2355324,507000,223000,262000,24819,992000,11,15,15,13,12,12,10,14
36,South Korea,1998,39509,1969000,2481719,451000,188000,228000,22103,867000,11,14,15,13,12,12,10,14
36,South Korea,1999,42544,1954000,2392447,428298,178520,214267,25837,821085,11,14,15,13,12,12,10,14
36,South Korea,2000,42326,1973000,2330566,411517,161730,210090,25684,783337,11,14,15,13,12,12,10,14
36,South Korea,2001,42041,1945000,2231635,374555,153357,188691,28218,716603,11,14,15,13,12,12,10,13
36,South Korea,2002,40070,1919000,2149119,355982,166900,176800,25844,699682,11,14,15,13,12,12,10,13
36,South Korea,2003,38142,1902000,2024128,360970,163300,184200,24610,708470,11,14,15,13,12,12,10,13
36,South Korea,2004,39793,1893000,1894699,385933,167200,196000,25323,749133,11,14,14,13,12,12,10,14
36,South Korea,2005,39433,1881000,1876965,417304,162000,206300,24506,785604,11,14,14,13,12,12,10,14
36,South Korea,2006,38815,1858000,1840662,306924,102300,131100,24076,540324,11,14,14,13,12,12,10,13
36,South Korea,2007,39291,1840000,1779548,347381,129200,172200,24262,648781,11,14,14,13,12,12,10,13
36,South Korea,2008,40577,1817000,1736651,286512,90000,100000,25368,476512,11,14,14,13,11,12,10,13
36,South Korea,2009,40541,1795000,1684908,225992,141502,152612,22790,520106,11,14,14,12,12,12,10,13
36,South Korea,2010,37757,1773000,1605391,215330,138432,143974,20431,497735,11,14,14,12,12,12,10,13
36,South Korea,2011,35675,1756100,1576048,221383,135655,144893,19131,501931,10,14,14,12,12,12,10,13
36,South Korea,2012,37747,1788000,1544277,232059,146006,157484,17438,535549,11,14,14,12,12,12,10,13
36,South Korea,2013,39521,1768700,1528806,223951,142751,148894,18708,515596,11,14,14,12,12,12,10,13
36,South Korea,2014,39955,1748300,1460315,221061,141529,147992,19788,510582,11,14,14,12,12,12,10,13
36,South Korea,2015,39541,1736000,1350525,212115,138043,144569,19482,494727,11,14,14,12,12,12,10,13
36,South Korea,2016,38487,1700800,1284630,214587,140981,146845,19798,502413,11,14,14,12,12,12,10,13
36,South Korea,2017,37862,1676700,1288464,209483,140612,147126,20043,497222,11,14,14,12,12,12,10,13
36,South Korea,2018,38362,1652000,1346864,216141,143624,148251,18716,508017,11,14,14,12,12,12,10,13
37,Sri Lanka,1990,3221,2339000,2851100,92406,29156,49581,1571,171143,8,15,15,11,10,11,7,12
37,Sri Lanka,1991,3041,2342000,2630783,95824,30891,50479,1409,177194,8,15,15,11,10,11,7,12
37,Sri Lanka,1992,3049,2344000,2709443,102196,30366,51095,2144,183657,8,15,15,12,10,11,8,12
37,Sri Lanka,1993,3235,2320000,2507548,115061,38352,57090,1753,210503,8,15,15,12,11,11,7,12
37,Sri Lanka,1994,3477,2323000,2787407,123800,34886,58817,1861,217503,8,15,15,12,10,11,8,12
37,Sri Lanka,1995,3572,2326000,2483288,115924,34370,55749,1736,206043,8,15,15,12,10,11,7,12
37,Sri Lanka,1996,3281,2327000,2352964,117568,35000,58602,1654,211170,8,15,15,12,10,11,7,12
37,Sri Lanka,1997,3322,2328000,2560651,122494,30119,56100,1622,208713,8,15,15,12,10,11,7,12
37,Sri Lanka,1998,3272,2329000,3090683,142226,29083,61615,1532,232924,8,15,15,12,10,11,7,12
37,Sri Lanka,1999,3406,2345000,2998683,163798,33665,61618,1767,259081,8,15,15,12,10,11,7,12
37,Sri Lanka,2000,3469,2350000,2979281,157473,30392,59100,1696,246965,8,15,15,12,10,11,7,12
37,Sri Lanka,2001,3342,2351000,2934618,158448,31376,54244,1705,244068,8,15,15,12,10,11,7,12
37,Sri Lanka,2002,3344,2356000,2890260,188317,35165,61589,1714,285071,8,15,15,12,10,11,7,13
37,Sri Lanka,2003,3445,2370000,2880215,150656,37458,58111,1724,246225,8,15,15,12,11,11,7,12
37,Sri Lanka,2004,3371,2310000,2847183,163234,34238,60837,1733,258309,8,15,15,12,10,11,7,12
37,Sri Lanka,2005,3547,2510000,2821516,181556,36890,62375,1742,280821,8,15,15,12,11,11,7,13
37,Sri Lanka,2006,3680,2440000,2788493,175249,50912,79720,1752,305881,8,15,15,12,11,11,7,13
37,Sri Lanka,2007,3716,2390000,2747285,161607,49293,77625,1440,288525,8,15,15,12,11,11,7,13
37,Sri Lanka,2008,4046,2595000,2719252,209393,69049,95612,1152,374054,8,15,15,12,11,11,7,13
37,Sri Lanka,2009,4010,2510000,2639477,181732,52519,75263,1170,309514,8,15,15,12,11,11,7,13
37,Sri Lanka,2010,4269,2620000,2502480,166096,50679,58082,1451,274857,8,15,15,12,11,11,7,13
37,Sri Lanka,2011,4173,2730000,2490079,209380,62423,62706,1290,334509,8,15,15,12,11,11,7,13
37,Sri Lanka,2012,4454,2690000,2446621,164272,62629,40711,1113,267612,8,15,15,12,11,11,7,12
37,Sri Lanka,2013,4901,2740000,2458012,127752,43877,54552,1235,226181,8,15,15,12,11,11,7,12
37,Sri Lanka,2014,4753,2740000,2327688,227849,62568,49292,933,339709,8,15,15,12,11,11,7,13
37,Sri Lanka,2015,4777,2740000,2357728,225428,67440,106423,2540,399291,8,15,15,12,11,12,8,13
37,Sri Lanka,2016,5770,2750000,2262643,117777,28798,18830,1924,165404,9,15,15,12,10,10,8,12
37,Sri Lanka,2017,4937,2760200,2176396,109730,19460,25793,1266,154983,9,15,15,12,10,10,7,12
37,Sri Lanka,2018,5811,2811600,2107893,68830,40973,79885,2260,189687,9,15,15,11,11,11,8,12
40,Tajikistan,1992,987,4489000,720976,64000,56000,8000,2280,128000,7,15,13,11,11,9,8,12
40,Tajikistan,1993,843,4543000,712464,46000,25000,5000,2280,76000,7,15,13,11,10,9,8,11
40,Tajikistan,1994,817,4470000,717576,40000,25000,5000,714,70000,7,15,13,11,10,9,7,11
40,Tajikistan,1995,756,4582000,730935,40000,25000,5000,54,70000,7,15,14,11,10,9,4,11
40,Tajikistan,1996,630,4585000,734615,32100,25000,5000,826,62100,6,15,14,10,10,9,7,11
40,Tajikistan,1997,695,4562000,746231,41227,6500,3400,751,51127,7,15,14,11,9,8,7,11
40,Tajikistan,1998,668,4547000,734785,28272,8500,100,677,36872,7,15,14,10,9,5,7,11
40,Tajikistan,2002,981,4571000,798867,15101,16162,741,378,32005,7,15,14,10,10,7,6,10
40,Tajikistan,2003,1065,4596000,812218,5299,9807,2620,303,17726,7,15,14,9,9,8,6,10
40,Tajikistan,2004,1226,4650000,830240,6294,11115,2078,229,19488,7,15,14,9,9,8,5,10
40,Tajikistan,2005,1247,4672000,860554,1604,10680,205,235,12489,7,15,14,7,9,5,5,9
40,Tajikistan,2006,1311,4735000,888890,13390,10891,1656,242,25938,7,15,14,10,9,7,5,10
40,Tajikistan,2007,1352,4729000,914092,10782,989,312,248,12083,7,15,14,9,7,6,6,9
40,Tajikistan,2008,1482,4727000,936153,7837,177,162,254,8176,7,15,14,9,5,5,6,9
40,Tajikistan,2009,1682,4759400,955866,6024,1557,1532,258,9112,7,15,14,9,7,7,6,9
40,Tajikistan,2010,1780,4755700,965780,6024,1021,120,262,7165,7,15,14,9,7,5,6,9
40,Tajikistan,2011,1837,4752800,972897,4211,485,176,265,4872,8,15,14,8,6,5,6,8
40,Tajikistan,2012,2015,4749000,976104,6184,406,176,265,6765,8,15,14,9,6,5,6,9
40,Tajikistan,2013,2212,4746200,975737,7033,2412,166,265,9611,8,15,14,9,8,5,6,9
40,Tajikistan,2014,2206,4741700,977303,12377,3968,514,265,16859,8,15,14,9,8,6,6,10
40,Tajikistan,2015,2226,4738300,977415,16438,1304,481,265,18224,8,15,14,10,7,6,6,10
40,Tajikistan,2016,2284,4733500,973906,7937,1640,295,265,9872,8,15,14,9,7,6,6,9
40,Tajikistan,2017,2387,4740100,979114,7937,5949,963,265,14849,8,15,14,9,9,7,6,10
40,Tajikistan,2018,2375,4727700,981232,7937,3307,1110,265,12355,8,15,14,9,8,7,6,9
41,Thailand,1990,21328,21383000,19725600,576517,318337,148937,18849,1043791,10,17,17,13,13,12,10,14
41,Thailand,1991,22527,21516000,17742099,525800,272300,164000,18849,962100,10,17,17,13,13,12,10,14
41,Thailand,1992,23942,21374000,18421264,600200,325700,191900,18849,1117800,10,17,17,13,13,12,10,14
41,Thailand,1993,23982,21245000,17380155,769000,430000,256000,18849,1455000,10,17,17,14,13,12,10,14
41,Thailand,1994,25147,21120000,17397401,740000,374000,246000,20448,1360000,10,17,17,14,13,12,10,14
41,Thailand,1995,25671,21210000,16547708,728000,453000,326000,24062,1507000,10,17,17,13,13,13,10,14
41,Thailand,1996,26384,20863000,16359200,810752,436000,273000,21901,1519752,10,17,17,14,13,13,10,14
41,Thailand,1997,26639,20442000,16870106,784000,423000,274000,23960,1481000,10,17,17,14,13,13,10,14
41,Thailand,1998,25972,20052000,16867760,905000,455000,277000,19212,1637000,10,17,17,14,13,13,10,14
41,Thailand,1999,26854,20017000,16080630,1070028,415000,278000,22761,1763028,10,17,17,14,13,13,10,14
41,Thailand,2000,29147,19834000,16675874,924000,383800,253086,20334,1560886,10,17,17,14,13,12,10,14
41,Thailand,2001,30438,19828000,15834144,977136,422132,284804,30630,1684072,10,17,17,14,13,13,10,14
41,Thailand,2002,30939,19689000,15395740,1082695,421588,273832,40925,1778115,10,17,17,14,13,13,11,14
41,Thailand,2003,32442,19554000,14864105,1258557,544496,451965,51221,2255018,10,17,17,14,13,13,11,15
41,Thailand,2004,31732,19555000,14245478,1160649,455919,386525,88548,2003093,10,17,16,14,13,13,11,15
41,Thailand,2005,32056,19610000,14248609,1053556,314587,358866,43831,1727009,10,17,16,14,13,13,11,14
41,Thailand,2006,33270,19700000,14765729,1072428,400286,319315,41220,1792029,10,17,17,14,13,13,11,14
41,Thailand,2007,35331,19800000,14963442,1251920,451978,391572,66858,2095470,10,17,17,14,13,13,11,15
41,Thailand,2008,35232,20050000,15222812,1197529,349568,426045,65423,1973143,10,17,17,14,13,13,11,14
41,Thailand,2009,35154,20879000,15137015,1497437,244687,170741,67933,1912864,10,17,17,14,12,12,11,14
41,Thailand,2010,35609,21060000,14799487,1607076,435003,468409,68986,2510488,10,17,17,14,13,13,11,15
41,Thailand,2011,37714,21060000,16317764,1589221,422320,562563,87191,2574105,11,17,17,14,13,13,11,15
41,Thailand,2012,40269,21860000,16803565,1619915,466775,446229,69921,2532919,11,17,17,14,13,13,11,15
41,Thailand,2013,40193,22110000,15460062,1644861,568400,588639,8136,2801899,11,17,17,14,13,13,9,15
41,Thailand,2014,40040,22110000,12964534,1543451,532981,594537,21800,2670969,11,17,16,14,13,13,10,15
41,Thailand,2015,38108,22110000,12487687,1374673,452408,569265,26296,2396347,11,17,16,14,13,13,10,15
41,Thailand,2016,37765,22110000,11965903,1481566,428379,568806,30791,2478751,11,17,16,14,13,13,10,15
41,Thailand,2017,40157,22110000,12007536,1726742,425026,647574,35287,2799342,11,17,16,14,13,13,10,15
41,Thailand,2018,41340,22110000,12407920,1515921,367750,619938,35287,2503609,11,17,16,14,13,13,10,15
43,Turkey,1990,47081,39677000,9356000,1199663,624815,63042,29918,1887520,11,17,16,14,13,11,10,14
43,Turkey,1991,46584,40067000,8794198,1103700,619640,47525,24343,1770865,11,18,16,14,13,11,10,14
43,Turkey,1992,47169,39904000,8246760,1206140,658084,63328,27110,1927552,11,18,16,14,13,11,10,14
43,Turkey,1993,46924,39913000,7381856,1335200,786900,84900,28042,2207000,11,18,16,14,14,11,10,15
43,Turkey,1994,47155,40149000,8223650,1006590,444347,56400,24219,1507337,11,18,16,14,13,11,10,14
43,Turkey,1995,46900,39493000,8393269,1053685,579612,67091,27328,1700388,11,17,16,14,13,11,10,14
43,Turkey,1996,50057,39364000,8502702,1147801,577999,73500,30286,1799300,11,17,16,14,13,11,10,14
43,Turkey,1997,49562,39242000,8054400,1167000,592400,66300,34431,1825700,11,17,16,14,13,11,10,14
43,Turkey,1998,54159,39919000,8215701,1392000,700200,88500,30162,2180700,11,18,16,14,13,11,10,15
43,Turkey,1999,51712,40302000,8490769,1484075,628600,80676,33089,2193351,11,18,16,14,13,11,10,15
43,Turkey,2000,54002,40479000,7872732,1378191,628639,81982,33471,2088812,11,18,16,14,13,11,10,15
43,Turkey,2001,50162,40968000,7494305,1132557,470258,67821,25539,1670636,11,18,16,14,13,11,10,14
43,Turkey,2002,53324,41196000,6909706,1198855,474244,73567,27915,1746666,11,18,16,14,13,11,10,14
43,Turkey,2003,53212,40644000,6277827,1340566,545948,83621,33075,1970135,11,18,16,14,13,11,10,14
43,Turkey,2004,54075,41210000,5675790,1366302,590148,87565,28831,2044015,11,18,16,14,13,11,10,15
43,Turkey,2005,56853,41223000,5122083,1372053,601606,93816,40332,2067475,11,18,15,14,13,11,11,15
43,Turkey,2006,58059,40493000,4884281,1406323,605316,98875,27421,2110514,11,18,15,14,13,12,10,15
43,Turkey,2007,55498,39505000,4841013,1357105,517749,110739,48716,1985593,11,17,15,14,13,12,11,15
43,Turkey,2008,57729,39122000,4882424,1133068,328791,89508,37640,1551367,11,17,15,14,13,11,11,14
43,Turkey,2009,58340,38911000,4857702,1529581,633258,69753,37651,2232592,11,17,15,14,13,11,11,15
43,Turkey,2010,61873,39012000,5340589,1427716,605668,70281,38555,2103665,11,17,15,14,13,11,11,15
43,Turkey,2011,64489,38247000,5791527,1259055,489990,98256,39534,1847301,11,17,16,14,13,11,11,14
43,Turkey,2012,68790,38407000,5794064,1431615,531980,101233,42611,2064828,11,17,16,14,13,12,11,15
43,Turkey,2013,71623,38423000,5824324,1583872,622557,105705,39440,2312134,11,17,16,14,13,12,11,15
43,Turkey,2014,70372,38554000,5451394,1492839,570236,117167,39723,2180242,11,17,16,14,13,12,11,15
43,Turkey,2015,75285,38551000,5454983,1486568,584569,131599,39026,2202736,11,17,16,14,13,12,11,15
43,Turkey,2016,74693,38328000,5361175,1896479,792490,118311,50054,2807280,11,17,15,14,14,12,11,15
43,Turkey,2017,78134,37963000,5524856,1764638,754750,124945,54098,2644333,11,17,16,14,14,12,11,15
43,Turkey,2018,76482,37802000,5392528,1527588,521058,115512,60020,2164158,11,17,16,14,13,12,11,15
47,Vietnam,1990,13225,6726000,,425379,105700,29200,20912,560279,9,16,,13,12,10,10,13
47,Vietnam,1991,13747,6751000,23323354,619000,146900,16000,20912,781900,10,16,17,13,12,10,10,14
47,Vietnam,1992,14718,7025000,23578765,541300,183500,41600,20912,766400,10,16,17,13,12,11,10,14
47,Vietnam,1993,15513,7087000,23803113,565000,165300,23800,20912,754100,10,16,17,13,12,10,10,14
47,Vietnam,1994,16184,7140000,24057225,874900,241600,68400,20912,1184900,10,16,17,14,12,11,10,14
47,Vietnam,1995,16969,7079000,24365815,813700,322000,88000,24896,1223700,10,16,17,14,13,11,10,14
47,Vietnam,1996,18133,7682000,24676960,995300,380200,109000,32745,1484500,10,16,17,14,13,12,10,14
47,Vietnam,1997,19401,7844000,24609267,922900,386800,162000,33019,1471700,10,16,17,14,13,12,10,14
47,Vietnam,1998,20085,8055000,25193432,1186100,399800,271000,20841,1856900,10,16,17,14,13,13,10,14
47,Vietnam,1999,21641,8413000,25906109,1224200,456400,377000,16695,2057600,10,16,17,14,13,13,10,15
47,Vietnam,2000,23105,8780000,26630776,1328000,506000,433000,16502,2267000,10,16,17,14,13,13,10,15
47,Vietnam,2001,23866,9483000,26650354,1063200,506000,337300,19154,1906500,10,16,17,14,13,13,10,14
47,Vietnam,2002,25970,9455000,26589235,1135656,511765,302797,19154,1950219,10,16,17,14,13,13,10,14
47,Vietnam,2003,27560,9537000,26060196,1241192,607008,342807,19154,2191008,10,16,17,14,13,13,10,15
47,Vietnam,2004,29705,9795600,25821435,1308247,635939,435390,19154,2379577,10,16,17,14,13,13,10,15
47,Vietnam,2005,30465,10054100,24958884,1101645,753373,304469,19154,2159487,10,16,17,14,14,13,10,15
47,Vietnam,2006,32174,10078000,23974198,989619,842089,345481,19154,2177189,10,16,17,14,14,13,10,15
47,Vietnam,2007,33796,10062600,23325465,1147663,915054,483319,19154,2546036,10,16,17,14,14,13,10,15
47,Vietnam,2008,35785,10240800,23583642,726655,738605,441250,19154,1906510,10,16,17,13,14,13,10,14
47,Vietnam,2009,36916,10292000,23462839,1552712,934934,308146,19154,2795792,11,16,17,14,14,13,10,15
47,Vietnam,2010,37448,10760100,24686591,1196159,741023,414101,19154,2351283,11,16,17,14,14,13,10,15
47,Vietnam,2011,39352,10768600,24946599,989467,693954,593923,19154,2277345,11,16,17,14,13,13,10,15
47,Vietnam,2012,40618,10793300,24845054,1185980,690157,499626,19154,2375763,11,16,17,14,13,13,10,15
47,Vietnam,2013,41365,10852800,25085865,1628286,853071,626366,19154,3107722,11,16,17,14,14,13,10,15
47,Vietnam,2014,42798,10873700,25168276,1363887,872510,563584,19154,2799981,11,16,17,14,14,13,10,15
47,Vietnam,2015,44608,12147800,24023302,1695781,755723,575621,19154,3027126,11,16,17,14,14,13,10,15
47,Vietnam,2016,44892,12172200,22952675,1548921,824152,598960,19154,2972033,11,16,17,14,14,13,10,15
47,Vietnam,2017,47357,12168800,22248897,1563256,873004,764286,19154,3200545,11,16,17,14,14,14,10,15
47,Vietnam,2018,49424,12168800,21534337,1572827,750302,578928,19154,2902058,11,16,17,14,14,13,10,15
48,Yemen,1990,2863,23626000,,19149,2770,540,713,22459,8,17,,10,8,6,7,10
48,Yemen,1991,2562,23631000,1326357,16000,3000,600,713,19600,8,17,14,10,8,6,7,10
48,Yemen,1992,3055,23481000,1409184,12000,1100,1500,713,14600,8,17,14,9,7,7,7,10
48,Yemen,1993,3226,23725000,1499377,8000,2000,1000,713,11000,8,17,14,9,8,7,7,9
48,Yemen,1994,3159,23730000,1588641,9200,1500,1000,713,11700,8,17,14,9,7,7,7,9
48,Yemen,1995,3236,23736000,1613815,10100,2000,1000,713,13100,8,17,14,9,8,7,7,9
48,Yemen,1998,3802,23680000,1557789,15890,848,865,1182,17603,8,17,14,10,7,7,7,10
48,Yemen,2004,4091,23557000,1215018,16965,201,939,614,18105,8,17,14,10,5,7,6,10
48,Yemen,2005,4235,23523000,1196087,3945,869,87,787,4901,8,17,14,8,7,4,7,8
48,Yemen,2006,4723,23627000,1178160,8923,115,2536,742,11574,8,17,14,9,5,8,7,9
48,Yemen,2012,6361,23501000,1270931,13413,3693,2186,110,19291,9,17,14,10,8,8,5,10
48,Yemen,2013,6580,23499000,1335873,26798,8488,1196,110,36482,9,17,14,10,9,7,5,11
48,Yemen,2014,6772,23451600,1418259,23552,1212,1113,110,25877,9,17,14,10,7,7,5,10
48,Yemen,2015,6185,23432600,1477916,951,554,559,110,2065,9,17,14,7,6,6,5,8
48,Yemen,2016,5773,23385800,1549244,18732,1207,862,110,20801,9,17,14,10,7,7,5,10
48,Yemen,2017,5723,23387700,1623647,13199,931,677,110,14808,9,17,14,9,7,7,5,10
48,Yemen,2018,6083,23387700,1671889,3622,400,185,110,4207,9,17,14,8,6,5,5,8